text;ug_relevance_sentence;ug_type;ug_stance;ug_arg;ug_absract_number;;;;;;;;;;;;;;;
Universal Grammar (UG) is a suspect concept.;1;3;0;-1;1;;;;;;;;;;;;;;;
"There is little agreement on what exactly is in it; and the empirical evidence for it is very weak.";-1;1;0;1;1;;;;;;;;;;;;;;;
This paper critically examines a variety of arguments that have been put forward as evidence for UG, focussing on the three most powerful ones: universality (all human languages share a number of properties), convergence (all language learners converge on the same grammar in spite of the fact that they are exposed to different input), and poverty of the stimulus (children know things about language which they could not have learned from the input available to them).;1;2;1;1;1;;;;;;;;;;;;;;;
I argue that these arguments are based on premises which are either false or unsubstantiated.;-1;3;0;1;1;;;;;;;;;;;;;;;
Languages differ from each other in profound ways, and there are very few true universals, so the fundamental crosslinguistic fact that needs explaining is diversity, not universality.;0;1;0;1;1;;;;;;;;;;;;;;;
A number of recent studies have demonstrated the existence of considerable differences in adult native speakers’ knowledge of the grammar of their language, including aspects of inflectional morphology, passives, quantifiers, and a variety of more complex constructions, so learners do not in fact converge on the same grammar.;0;1;0;1;1;;;;;;;;;;;;;;;
"Finally, the poverty of the stimulus argument presupposes that children acquire linguistic representations of the kind postulated by generative grammarians; constructionist grammars such as those proposed by Tomasello, Goldberg and others can be learned from the input.";1;1;0;1;1;;;;;;;;;;;;;;;
We are the only species that has language, so there must be something unique about humans that makes language learning possible.;0;1;1;1;1;;;;;;;;;;;;;;;
The extent of crosslinguistic diversity and the considerable individual differences in the rate, style and outcome of acquisition suggest that it is more promising to think in terms of a language-making capacity, i.e., a set of domain-general abilities, rather than an innate body of knowledge about the structural properties of the target system.;0;3;0;1;1;;;;;;;;;;;;;;;
The idea of a biologically evolved, universal grammar with linguistic content is a myth, perpetuated by three spurious explanatory strategies of generative linguists.;1;3;0;1;2;;;;;;;;;;;;;;;
To make progress in understanding human linguistic competence, cognitive scientists must abandon the idea of an innate universal grammar and instead try to build theories that explain both linguistic universals and diversity and how they emerge.;1;3;0;1;2;;;;;;;;;;;;;;;
"In a recent paper [Lidz, J., Gleitman, H., & Gleitman, L. (2003). Understanding how input matters: Verb learning and the footprint of universal grammar. Cognition, 87, 151–178], we provided cross-linguistic evidence in favor of the following linked assertions: (i) Verb argument structure is a correlate of verb meaning; (ii) However, argument structure is not directly available to learners as a cue for reconstructing verb meaning, owing to the complexity of form-meaning mappings within and across languages; (iii) A major correlate of argument-structure, namely, noun phrase number, is statistically available on the surface in all languages, and serves as a quasi-universal derivative cue to the meanings of verbs; (iv) this cue is privileged, in the sense that it is used early and selectively by learners, despite within- and cross-language differences in its availability. ";0;1;2;1;3;;;;;;;;;;;;;;;
Goldberg [Goldberg, A. (2004). But do we need Universal Grammar? Comment on Lidz, Gleitman and Gleitman 2003. Cognition] suggests that this cue is not linguistic, that it is too sicklied over with exceptions and provisos to be useful to learners, and that conversational conspiracies can in any case serve as the alternative theoretical framework for a theory of predicate learning, and language acquisition more generally.;1;1;0;1;3;;;;;;;;;;;;;;;
In the present reply, we review and further explicate our original position, to wit: A large part of any generative grammar is a formal statement of the complex alignments between predicate-argument structures and the surface forms (linear strings of words) of sentences.;1;3;2;1;3;;;;;;;;;;;;;;;
Because the several rules for alignment interact, the surface outcomes reveal individual systematicities only abstractly.;-1;3;2;1;3;;;;;;;;;;;;;;;
Therefore, learning would be impossible if infants could not analyze probabilistically available patterns to recover their principled linguistic sources.;0;3;1;1;3;;;;;;;;;;;;;;;
This statistics-based discovery procedure is in certain relevant regards specific to language learning.;0;3;2;1;3;;;;;;;;;;;;;;;
Finally, we argue that while pragmatics and theory of mind properties in learner and tutor necessarily frame language acquisition, that these have not been shown—and probably cannot be shown—to be sufficient to this computational problem.;0;3;2;1;3;;;;;;;;;;;;;;;
Universal grammar specifies the mechanism of language acquisition.;1;1;2;1;4;;;;;;;;;;;;;;;
It determines the range of grammatical hypothesis that children entertain during language learning and the procedure they use for evaluating input sentences.;0;1;2;1;4;;;;;;;;;;;;;;;
How universal grammar arose is a major challenge for evolutionary biology.;1;1;1;1;4;;;;;;;;;;;;;;;
We present a mathematical framework for the evolutionary dynamics of grammar learning.;0;2;-1;-1;4;;;;;;;;;;;;;;;
The central result is a coherence threshold, which specifies the condition for a universal grammar to induce coherent communication within a population.;1;3;2;1;4;;;;;;;;;;;;;;;
We study selection of grammars within the same universal grammar and competition between different universal grammars.;1;2;2;-1;4;;;;;;;;;;;;;;;
We calculate the condition under which natural selection favors the emergence of rule-based, generative grammars that underlie complex language.;1;2;2;1;4;;;;;;;;;;;;;;;
Studies under the heading “syntactic bootstrapping” have demonstrated that syntax guides young children’s interpretations during verb learning.;-1;1;-1;-1;5;;;;;;;;;;;;;;;
We evaluate two hypotheses concerning the origins of syntactic bootstrapping effects.;-1;2;-1;-1;5;;;;;;;;;;;;;;;
The “universalist” view, holding that syntactic bootstrapping falls out from universal properties of the syntax–semantics mapping, is shown to be superior to the “emergentist” view, which holds that argument structure patterns emerge from a process of categorization and generalization over the input.;0;1;2;1;5;;;;;;;;;;;;;;;
These theories diverge in their predictions about a language in which syntactic structure is not the most reliable cue to a certain meaning.;-1;1;-1;-1;5;;;;;;;;;;;;;;;
In Kannada, causative morphology is a better predictor of causative meaning than transitivity is.;-1;1;-1;-1;5;;;;;;;;;;;;;;;
Hence, the emergentist view predicts that Kannada-speaking children will associate causative morphology (in favor of transitive syntax) with causative meaning.;-1;3;-1;-1;5;;;;;;;;;;;;;;;
The universalist theory, however, predicts the opposite pattern.;0;3;-1;-1;5;;;;;;;;;;;;;;;
Using an act-out task, we found that 3-year-old native speakers of Kannada associate argument number and not morphological form with causativity, supporting the universalist approach.;0;3;2;1;5;;;;;;;;;;;;;;;
The authors performed an experiment involving the Dravidian language, Kannada, based on the methodology of Naigles, Gleitman, and Gleitman.;-1;1;-1;-1;6;;;;;;;;;;;;;;;
They presented to children familiar verbs in familiar and unfamiliar contexts.;-1;1;-1;-1;6;;;;;;;;;;;;;;;
The authors observe that in Kannada, the causative morpheme is reliably associated with a causative interpretation.;-1;1;2;1;6;;;;;;;;;;;;;;;
They further note that the transitive construction involving the overt expression of two arguments is associated with a wider range of interpretations than causation.;-1;1;-1;-1;6;;;;;;;;;;;;;;;
"They suggest that any"" emergentist"" theory that claims that argument structure is learned from the input, would predict that subjects should rely more on the causative morpheme as a predictor of a causative interpretation than the number of semantic participants expressed.";-1;1;2;1;6;;;;;;;;;;;;;;;
The current study focuses not on the mapping of semantic roles to particular syntactic positions or relations, but simply on the number of linguistically expressed participants.;-1;2;-1;-1;6;;;;;;;;;;;;;;;
As we have seen, a pragmatic explanation for their findings is at least as plausible as one based on a Universal Grammar Hypothesis.;1;3;1;1;6;;;;;;;;;;;;;;;
In our opinion, the discontinuity between extant human and nonhuman minds is much broader and deeper than most researchers admit.;-1;3;-1;-1;7;;;;;;;;;;;;;;;
We are happy to report that Evans & Levinson's (E&L's) target article strongly corroborates our unpopular hypothesis, and that the comparative evidence, in turn, bolsters E&L's provocative argument.;-1;1;0;1;7;;;;;;;;;;;;;;;
Both a Universal Grammar and the “mental continuity” between human and nonhuman minds turn out to be modern myths.;1;3;0;-1;7;;;;;;;;;;;;;;;
In this paper I consider recent studies that deny the existence of Universal Grammar (UG), and I show how the concept of UG that is attacked in these works is quite different from Chomsky’s, and thus that such criticisms are not valid.;1;2;1;1;8;;;;;;;;;;;;;;;
My principal focus is on the notions of ‘linguistic specificity’ and of ‘innateness’, and I conclude that, since the controversy about UG is based on misinterpretations, it is rendered sterile and thus does unnecessary harm to linguistic science.;1;3;1;-1;8;;;;;;;;;;;;;;;
I also address the underlying reasons for these misunderstandings and suggest that, once they have been clarified, there is much scope for complementary approaches that embrace different research traditions within current theoretical linguistics.;-1;3;-1;-1;8;;;;;;;;;;;;;;;
This paper argues against the hypothesis of a “phonological mind” advanced by Berent.;-1;3;0;-1;9;;;;;;;;;;;;;;;
It establishes that there is no evidence that phonology is innate and that, in fact, the simplest hypothesis seems to be that phonology is learned like other human abilities.;0;3;0;1;9;;;;;;;;;;;;;;;
Moreover, the paper fleshes out the original claim of Philip Lieberman that Universal Grammar predicts that not everyone should be able to learn every language, i.e., the opposite of what UG is normally thought to predict.;1;3;0;-1;9;;;;;;;;;;;;;;;
The paper also underscores the problem that the absence of recursion in Pirah? represents for Universal Grammar proposals.;1;3;0;1;9;;;;;;;;;;;;;;;
Humans weave phonological patterns instinctively.;0;1;2;1;10;;;;;;;;;;;;;;;
We form phonological patterns at birth, we spontaneously generate them de novo, and we impose phonological design on both our linguistic communication and cultural technologies—reading and writing.;0;1;2;1;10;;;;;;;;;;;;;;;
Why are humans compelled to generate phonological patterns?;0;2;2;-1;10;;;;;;;;;;;;;;;
Why are phonological patterns intimately grounded in their sensorimotor channels (speech or gesture) while remaining partly amodal and fully productive?;-1;2;2;1;10;;;;;;;;;;;;;;;
And why does phonology shape natural communication and cultural inventions alike?;-1;2;-1;-1;10;;;;;;;;;;;;;;;
Here, I suggest these properties emanate from the architecture of the phonological mind, an algebraic system of core knowledge.;-1;3;2;1;10;;;;;;;;;;;;;;;
I evaluate this hypothesis in light of linguistic evidence, behavioral studies, and comparative animal research that gauges the design of the phonological mind and its productivity.;-1;2;-1;-1;10;;;;;;;;;;;;;;;
Everett (2016b) criticizes The Phonological Mind thesis (Berent, 2013a,b) on logical, methodological and empirical grounds.;-1;1;0;1;11;;;;;;;;;;;;;;;
Most of Everett’s concerns are directed toward the hypothesis that the phonological grammar is constrained by universal grammatical (UG) principles.;1;1;1;1;11;;;;;;;;;;;;;;;
Contrary to Everett’s logical challenges, here I show that the UG hypothesis is readily falsifiable, that universality is not inconsistent with innateness (Everett’s arguments to the contrary are rooted in a basic confusion of the UG phenotype and the genotype), and that its empirical evaluation does not require a full evolutionary account of language.;1;3;2;1;11;;;;;;;;;;;;;;;
A detailed analysis of one case study, the syllable hierarchy, presents a specific demonstration that people have knowledge of putatively universal principles that are unattested in their language and these principles are most likely linguistic in nature.;0;3;2;1;11;;;;;;;;;;;;;;;
Whether Universal Grammar exists remains unknown, but Everett’s arguments hardly undermine the viability of this hypothesis.;1;3;1;1;11;;;;;;;;;;;;;;;
In this article, the motivation for Universal Grammar (UG), as assumed in the principles and parameters framework of generative grammar (Chomsky, 1981a, 1981b), is discussed, particular attention being paid to the logical problem of first language acquisition.;1;2;2;-1;12;;;;;;;;;;;;;;;
The potential role of UG in second language (L2) acquisition is then considered.;1;2;1;-1;12;;;;;;;;;;;;;;;
"Three different positions are reviewed: (a) the claim that UG is not available to L2 learners; (b) the claim that UG is fully available; and (c) the claim that the L2 learner's access to UG is mediated by the mother tongue.";1;2;2;1;12;;;;;;;;;;;;;;;
This raises the issue of what kind of evidence can be used to decide between these three positions.;-1;2;-1;-1;12;;;;;;;;;;;;;;;
Recent experimental research which argues for one or another of these positions by investigating the L2 status of the Subjacency Principle is reviewed, and the implications of this research are discussed.;0;3;-1;-1;12;;;;;;;;;;;;;;;
A new solution is offered to the Infant Language Acquisition Problem, rejecting both of Chomsky’s alternatives.;0;2;0;-1;13;;;;;;;;;;;;;;;
It proposes that the infant does not acquire his mother tongue by mastering its grammar, whether by inference from personal experience or via an innate Language Acquisition Device such as the UG, but that the language he hears is all saved in his extremely plastic and capacious brain, where it is stored in such a way as to organize it while populating it.;1;3;0;1;13;;;;;;;;;;;;;;;
The brain is thus transformed into a mind by language.;-1;3;-1;-1;13;;;;;;;;;;;;;;;
Support for this theory is drawn from such topics as feral children and linguistic experiments with bonobos.;-1;1;0;1;13;;;;;;;;;;;;;;;
This paper offers a refutation of Chomsky's Universal Grammar (UG) from a novel perspective.;1;2;0;-1;14;;;;;;;;;;;;;;;
It comprises a central part, clarifications and comparisons.;-1;2;-1;-1;14;;;;;;;;;;;;;;;
The central part starts with an examination of Chomsky's research method and then argues that the method is seriously flawed and that it cannot lead to the discovery of any innate universals of language.;0;3;0;1;14;;;;;;;;;;;;;;;
In the clarifications part, a number of questions that could be raised concerning the central part of the refutation are presented and answered.;-1;2;-1;-1;14;;;;;;;;;;;;;;;
The answers to these questions help to make clearer why UG is deeply problematic, and thus consolidate the central part of the refutation.;1;3;0;-1;14;;;;;;;;;;;;;;;
The comparisons part discusses some representative critiques of UG by other scholars, shows their inadequacies, and thus further highlights the value of the present critique.;1;2;0;-1;14;;;;;;;;;;;;;;;
Lin (2017) aims to provide a refutation of universal grammar on methodological grounds, claiming that the method itself makes it impossible to discover any innate linguistic universals.;1;1;0;1;15;;;;;;;;;;;;;;;
In this paper, I show that this claim is overstated and that upon closer inspection, it merely points out the inductive nature of the empirical sciences.;-1;3;-1;-1;15;;;;;;;;;;;;;;;
Assuming that the empirical sciences are not invalidated on methodological grounds by Lin's arguments, neither is the search for universal grammar.;1;3;-1;-1;15;;;;;;;;;;;;;;;
The biolinguistic perspective regards the language faculty as an “organ of the body,” along with other cognitive systems.;0;1;2;1;16;;;;;;;;;;;;;;;
Adopting it, we expect to find three factors that interact to determine (I-) languages attained: genetic endowment (the topic of Universal Grammar), experience, and principles that are language- or even organism-independent.;1;2;2;1;16;;;;;;;;;;;;;;;
Research has naturally focused on I-languages and UG, the problems of descriptive and explanatory adequacy.;1;2;-1;-1;16;;;;;;;;;;;;;;;
The Principles-and-Parameters approach opened the possibility for serious investigation of the third factor, and the attempt to account for properties of language in terms of general considerations of computational efficiency, eliminating some of the technology postulated as specific to language and providing more principled explanation of linguistic phenomena;0;3;2;1;16;;;;;;;;;;;;;;;
In many different domains of language acquisition, there exists an apparent learnability problem to which innate knowledge of some aspect of Universal Grammar (UG) has been proposed as a solution.;1;1;2;1;17;;;;;;;;;;;;;;;
The present article reviews these proposals in the core domains of (i) identifying syntactic categories, (ii) acquiring basic morphosyntax, (iii) structure dependence, (iv) subjacency, and (v) the binding principles.;0;2;-1;-1;17;;;;;;;;;;;;;;;
We conclude that, in each of these domains, the innate UG-specified knowledge posited does not, in fact, simplify the task facing the learner.;1;3;0;1;17;;;;;;;;;;;;;;;
A central goal of modern generative grammar has been to discover invariant properties of human languages that reflect “the innate schematism of mind that is applied to the data of experience” and that “might reasonably be attributed to the organism itself as its contribution to the task of the acquisition of knowledge” (Chomsky, 1971).;1;1;2;1;18;;;;;;;;;;;;;;;
Candidates for such invariances include the structure dependence of grammatical rules, and in particular, certain constraints on question formation.;-1;1;2;1;18;;;;;;;;;;;;;;;
Various “poverty of stimulus” (POS) arguments suggest that these invariances reflect an innate human endowment, as opposed to common experience: Such experience warrants selection of the grammars acquired only if humans assume, a priori, that selectable grammars respect substantive constraints.;0;1;2;1;18;;;;;;;;;;;;;;;
Recently, several researchers have tried to rebut these POS arguments.;-1;1;0;1;18;;;;;;;;;;;;;;;
In response, we illustrate why POS arguments remain an important source of support for appeal to a priori structure?dependent constraints on the grammars that humans naturally acquire.;0;3;2;1;18;;;;;;;;;;;;;;;
Generative Linguistics proposes that the human ability to produce and comprehend language is fundamentally underwritten by a uniquely linguistic innate system called Universal Grammar (UG).;1;1;2;-1;19;;;;;;;;;;;;;;;
In her recent paper What is Universal Grammar, and has anyone seen it? Ewa Dabrowska reviews a range of evidence and argues against the idea of UG from a Cognitive Linguistics perspective.;1;1;0;1;19;;;;;;;;;;;;;;;
In the current paper, I take each of Dabrowska’s arguments in turn and attempt to show why they are not well founded, either because of flaws in her argumentation or because of a careful consideration of the available empirical evidence.;-1;3;2;1;19;;;;;;;;;;;;;;;
I also attempt to demonstrate how evidence from the fields Dabrowska reviews actually supports the notion of UG.;1;3;2;1;19;;;;;;;;;;;;;;;
However, arguments are additionally presented in favor of integrating an understanding of domain-specific UG with an understanding of domain-general cognitive capacities in order to understand the language faculty completely.;1;3;2;1;19;;;;;;;;;;;;;;;
Syntax, together with morphology, constitutes one of the two core components of grammatical theory.;-1;1;-1;-1;20;;;;;;;;;;;;;;;
While morphology explores the internal structure of words and the way morphemes combine to form lexical items, syntax focuses on how words are organized into larger hierarchical units such as phrases and sentences.;-1;1;-1;-1;20;;;;;;;;;;;;;;;
This paper provides an overview of key perspectives on the study of grammar and situates the discussion within Chomsky’s framework of Universal Grammar, which posits that all human languages share underlying structural principles.;1;2;2;-1;20;;;;;;;;;;;;;;;
Within this theoretical foundation, the study aims to highlight how syntactic analysis reveals both the universal and language-specific aspects of grammatical organization.;0;2;2;1;20;;;;;;;;;;;;;;;
Our response takes advantage of the wide-ranging commentary to clarify some aspects of our original proposal and augment others.;-1;2;-1;-1;21;;;;;;;;;;;;;;;
We argue against the generative critics of our coevolutionary program for the language sciences, defend the use of close-to-surface models as minimizing cross-linguistic data distortion, and stress the growing role of stochastic simulations in making generalized historical accounts testable.;0;3;0;1;21;;;;;;;;;;;;;;;
These methods lead the search for general principles away from idealized representations and towards selective processes.;-1;3;0;1;21;;;;;;;;;;;;;;;
Putting cultural evolution central in understanding language diversity makes learning fundamental in the cognition of language: increasingly powerful models of general learning, paired with channelled caregiver input, seem set to manage language acquisition without recourse to any innate “universal grammar.”;1;3;0;1;21;;;;;;;;;;;;;;;
Understanding why human language has no clear parallels in the animal world requires a cross-species perspective: crucial ingredients are vocal learning (for which there are clear non-primate parallels) and an intention-attributing cognitive infrastructure that provides a universal base for language evolution.;0;3;0;1;21;;;;;;;;;;;;;;;
We conclude by situating linguistic diversity within a broader trend towards understanding human cognition through the study of variation in, for example, human genetics, neurocognition, and psycholinguistic processing.;0;2;0;1;21;;;;;;;;;;;;;;;
Kim (2018) argues that the method adopted in universal grammar (UG) is the same as that employed in the empirical sciences such as physics, chemistry and biology, and that my rejection of UG in Lin (2017a) amounts to a rejection of these sciences.;1;1;1;1;22;;;;;;;;;;;;;;;
In this reply I show that Kim has misunderstood the main point of my original paper, which is that UG is crucially different from typical scientific theories in that it does not consider causal factors.;1;3;0;1;22;;;;;;;;;;;;;;;
I further show that once this misunderstanding is cleared his objections can be dissolved smoothly, that the fatal problem with UG will become more evident, and that the methodological confusions embedded in Kim's arguments will be dispelled.;1;3;0;1;22;;;;;;;;;;;;;;;
This article reviews several recent studies suggesting that — contrary to a widespread belief — adult monolingual native speakers of the same language do not share the same mental grammar.;0;3;0;1;23;;;;;;;;;;;;;;;
The studies examined various aspects of linguistic knowledge, including inflectional morphology, passives, quantifiers, and more complex constructions with subordinate clauses.;-1;1;-1;-1;23;;;;;;;;;;;;;;;
"The findings suggest that, in some cases, language learners attend to different cues in the input and end up with different grammars; in others, some speakers extract only fairly specific, ‘local’ generalizations which apply to particular subclasses of items while others acquire more abstract rules which apply ‘across the board’.";0;1;0;1;23;;;;;;;;;;;;;;;
At least some of these differences are education-related: more educated speakers appear to acquire more general rules, possibly as a result of more varied linguistic experience.;0;1;0;1;23;;;;;;;;;;;;;;;
These findings have interesting consequences for research on bilingualism, particularly for research on ultimate attainment in second language acquisition, as well as important methodological implications for all language sciences.;0;3;-1;-1;23;;;;;;;;;;;;;;;
Issues concerning UG access for L2 acquisition as formulated by Epstein et al. are misleading as well as poorly discussed.;1;3;1;1;24;;;;;;;;;;;;;;;
UG accessibility can only be fully evaluated with respect to the steady state grammar reached by the learner.;1;3;1;1;24;;;;;;;;;;;;;;;
The steady state for LI learners is self evidently the adult grammar in the speech community.;0;1;-1;-1;24;;;;;;;;;;;;;;;
For L2 learners, however, the steady state is not obvious.;-1;3;-1;-1;24;;;;;;;;;;;;;;;
Yet, without its clear characterization, debates concerning stages of L2 acquisition and direct and indirect UG accessibility cannot be resolved.;1;3;1;1;24;;;;;;;;;;;;;;;
A central goal of modern generative grammar has been to discover the invariant properties of language, presumably “part of the innate schematism of mind that is applied to the data of experience” and that “might reasonably be attributed to the organism itself as its contribution to the task of the acquisition of knowledge”(Chomsky, 1971).;1;1;2;-1;25;;;;;;;;;;;;;;;
One such putative principle is the structure dependence of grammatical rules generally, including rules of question formation.;-1;1;2;1;25;;;;;;;;;;;;;;;
One argument for this position, presented in Chomsky (1968), is sometimes called an ‘argument from the poverty of the stimulus’(POS) since the sample data for selecting a correct target hypothesis does not seem rich enough without positing a priori the principle in question.;-1;1;2;1;25;;;;;;;;;;;;;;;
Recently, several researchers have claimed that this POS argument can be deflected without resort to this ‘innate schematism,’among these a string substitutability procedure (Clark & Eyraud, 2006), or a Bayesian model selection algorithm that adjudicates between regular and context-free grammars (Perfors, Tennenbaum & Regier, 2006).;0;1;0;1;25;;;;;;;;;;;;;;;
We demonstrate that all these recent arguments fail.;-1;3;2;1;25;;;;;;;;;;;;;;;
We conclude that the POS argument and its support for a priori structure dependence holds, without qualification.;-1;3;2;1;25;;;;;;;;;;;;;;;
Child and adult speakers of English have different ideas of what `or' means in ordinary statements of the form `A or B'.;-1;1;-1;-1;26;;;;;;;;;;;;;;;
Even more far-reaching differences between children and adults are found in other languages.;-1;1;-1;-1;26;;;;;;;;;;;;;;;
This tells us that young children do not learn what `or' means by watching how adults use `or'.;0;3;2;1;26;;;;;;;;;;;;;;;
An alternative is to suppose that children draw upon a priori knowledge of the meaning of `or'.;-1;3;2;1;26;;;;;;;;;;;;;;;
This conclusion is reinforced by the observation that all languages adopt the same meaning of `or' in certain structures.;-1;1;2;1;26;;;;;;;;;;;;;;;
For example, statements of the form `not S[A or B]' have the same meanings in all languages, and disjunctive statements receive a uniform interpretation in sentences that contain certain focus expressions, such as English `only'.;-1;1;2;1;26;;;;;;;;;;;;;;;
These observations are relevant for the long-standing “nature versus nurture” controversy.;-1;1;1;-1;26;;;;;;;;;;;;;;;
A linguistic property that (a) emerges in child language without decisive evidence from experience, and (b) is common to all human languages, is a likely candidate for innate specification.;0;3;2;1;26;;;;;;;;;;;;;;;
Experience matters, of course.;-1;3;-1;-1;26;;;;;;;;;;;;;;;
As child speakers grow up, they eventually learn to use `or' in the same way as adults do.;-1;1;-1;-1;26;;;;;;;;;;;;;;;
But, based on findings from child language and cross-linguistic research, it looks like certain aspects of language, including the interpretation of disjunction, are part of the human genome.;-1;3;2;1;26;;;;;;;;;;;;;;;
The fact that languages are different is a remarkable and interesting phenomenon in itself.;-1;1;-1;-1;27;;;;;;;;;;;;;;;
The study of such diversity affords a valuable perspective on the human faculty of language, but it is not an argument to deny its existence.;0;3;2;-1;27;;;;;;;;;;;;;;;
Evans and Levinson (in ‘The Myth of Language Universals’) do indeed believe that the existence of Universal Grammar is a myth that Chomskyan linguists have injected into cognitive science, something that constitutes an obstacle to the scientific investigation of language.;1;1;0;-1;27;;;;;;;;;;;;;;;
They react against Chomskyan universalism arguing that it distorts the reality of language, compromising realistic and meaningful research within cognitive science.;0;1;0;1;27;;;;;;;;;;;;;;;
In the following pages I show that, on the contrary, it is the exaggerated assessment of the depth of the diversity of languages that constitutes an obstacle to the ultimate acceptance of the study of language into the natural sciences.;-1;3;-1;-1;27;;;;;;;;;;;;;;;
Disdain of the diversity of languages can certainly be an obstacle to progress in our understanding of how the brain creates and uses language, but Evans & Levinson’s rejection of universality ignores important discoveries about common properties of language made over the past half century and risks throwing the baby with the bath water.;0;3;2;1;27;;;;;;;;;;;;;;;
One far-reaching goal of linguistic theory is to determine universal principles which hold for the structures of all human languages.;0;1;2;-1;28;;;;;;;;;;;;;;;
Such principles are proposed as part of a system of UNIVERSAL GRAMMAR (UG), which is claimed to be part of the biological endowment for all human beings.;1;1;2;-1;28;;;;;;;;;;;;;;;
Thus, these principles must be general and abstract enough so that a child learning his or her native language — whatever that language might be — will unconsciously use them, along with the primary language input data, to guide the formation of a grammar for his or her own particular language.;0;1;2;1;28;;;;;;;;;;;;;;;
Since there is great variety in the form of the world’s languages, it has been proposed that the universal principles are supplemented by language-particular parameters, which allow for a limited and specific set of options within the confines of the universal principles (e.g., Chomsky 1981, Hornstein and Lightfoot 1981, Lightfoot 1982, Newmeyer 1983, Roeper and Williams 1987).;0;1;2;1;28;;;;;;;;;;;;;;;
Linguistic research has identified abstract properties that seem to be shared by all languages—such properties may be considered defining characteristics.;-1;1;2;1;29;;;;;;;;;;;;;;;
In recent decades, the recognition that human language is found not only in the spoken modality but also in the form of sign languages has led to a reconsideration of some of these potential linguistic universals.;0;1;1;1;29;;;;;;;;;;;;;;;
In large part, the linguistic analysis of sign languages has led to the conclusion that universal characteristics of language can be stated at an abstract enough level to include languages in both spoken and signed modalities.;0;1;2;1;29;;;;;;;;;;;;;;;
For example, languages in both modalities display hierarchical structure at sub-lexical and phrasal level, and recursive rule application.;-1;1;2;1;29;;;;;;;;;;;;;;;
However, this does not mean that modality-based differences between signed and spoken languages are trivial.;-1;3;-1;-1;29;;;;;;;;;;;;;;;
In this article, we consider several candidate domains for modality effects, in light of the overarching question: are signed and spoken languages subject to the same abstract grammatical constraints, or is a substantially different conception of grammar needed for the sign language case?;-1;2;1;-1;29;;;;;;;;;;;;;;;
We look at differences between language types based on the use of space, iconicity, and the possibility for simultaneity in linguistic expression.;-1;2;-1;-1;29;;;;;;;;;;;;;;;
The inclusion of sign languages does support some broadening of the conception of human language—in ways that are applicable for spoken languages as well.;-1;3;-1;-1;29;;;;;;;;;;;;;;;
Still, the overall conclusion is that one grammar applies for human language, no matter the modality of expression.;0;3;2;1;29;;;;;;;;;;;;;;;
The target article advanced the null, unified and widely misinterpreted generative hypothesis regarding second language (L2) acquisition.;0;1;-1;-1;30;;;;;;;;;;;;;;;
"Postulating that UG (Universal Grammar) constrains L2 knowledge growth does not entail identical developmental trajectories for L2 and first language (LI) acquisition; nor does it preclude a role for the L1.";1;3;-1;-1;30;;;;;;;;;;;;;;;
In embracing this hypothesis, we maintain a distinction between competence and performance.;-1;3;-1;-1;30;;;;;;;;;;;;;;;
Those who conflate the two repeat fundamental and by no means unprecedented misconstruals of the generative enterprise, and more specifically, of the empirical content of the null hypothesis regarding L2 linguistic knowledge growth.;0;3;-1;-1;30;;;;;;;;;;;;;;;
We hope to have identified certain common goals, the adoption of which might constitute a firm foundation for continued productive interdisciplinary development of contemporary theoretical and experimental L2 acquisition research.;-1;3;-1;-1;30;;;;;;;;;;;;;;;
"Ambridge, Pine, and Lieven (2014; AP&L) identify three problems with universal grammar (UG), namely: linking, data coverage, and redundancy, and argue for an alternative approach to child language acquisition.";1;1;0;1;31;;;;;;;;;;;;;;;
Behme (2014) aims to make a stronger case against UG.;1;1;0;-1;31;;;;;;;;;;;;;;;
She attempts to show, by combining AP&L's arguments with evidence from developmental psychology and formal linguistics, that UG should be rejected.;1;1;0;1;31;;;;;;;;;;;;;;;
In this commentary, I argue that Behme's article does not present strong enough evidence to reject UG.;1;3;1;-1;31;;;;;;;;;;;;;;;
Although Behme has pointed out some problems for UG theorists to consider, she fails to pinpoint where UG has really gone wrong.;1;1;1;1;31;;;;;;;;;;;;;;;
I then try to make clear what the fatal problem with UG is.;1;3;0;-1;31;;;;;;;;;;;;;;;
Ambridge, Pine, and Lieven could have provided a stronger argument for their conclusion, which postulated that innate universal-grammar-specified knowledge does not simplify the language learning task, had they not paid so much attention to the Chomskyan paradigm.;1;1;0;-1;32;;;;;;;;;;;;;;;
I argue that poverty-of-the-stimulus arguments do not take into account that children are opportunistic learners employing multiple strategies, that they do not accomplish individual tasks sequentially but acquire (partial) knowledge about multiple domains simultaneously, and that they do not acquire perfect knowledge of language.;0;3;0;1;32;;;;;;;;;;;;;;;
Furthermore, work in formal linguistics suggests that the Chomskyan paradigm is internally incoherent and that the formalism of the Chomskyan framework lacks mathematical precision, making it difficult to evaluate its predictions.;-1;1;0;1;32;;;;;;;;;;;;;;;
Given that linguistics ought to provide crucial input for language acquisition research, more attention needs to be paid to non-Chomskyan work in linguistics.;0;3;-1;-1;32;;;;;;;;;;;;;;;
It is widely assumed that human learning and the structure of human languages are intimately related.;0;1;-1;-1;33;;;;;;;;;;;;;;;
This relationship is frequently suggested to derive from a language-specific biological endowment, which encodes universal, but communicatively arbitrary, principles of language structure (a Universal Grammar or UG).;1;1;2;-1;33;;;;;;;;;;;;;;;
How might such a UG have evolved?;1;2;1;-1;33;;;;;;;;;;;;;;;
We argue that UG could not have arisen either by biological adaptation or non-adaptationist genetic processes, resulting in a logical problem of language evolution.;1;3;0;1;33;;;;;;;;;;;;;;;
"Specifically, as the processes of language change are much more rapid than processes of genetic change, language constitutes a ""moving target"" both over time and across different human populations, and, hence, cannot provide a stable environment to which language genes could have adapted.";-1;3;0;1;33;;;;;;;;;;;;;;;
We conclude that a biologically determined UG is not evolutionarily viable.;1;3;0;1;33;;;;;;;;;;;;;;;
Instead, the original motivation for UG--the mesh between learners and languages--arises because language has been shaped to fit the human brain, rather than vice versa.;1;3;0;1;33;;;;;;;;;;;;;;;
"Following Darwin, we view language itself as a complex and interdependent ""organism,"" which evolves under selectional pressures from human learning and processing mechanisms.";-1;3;0;1;33;;;;;;;;;;;;;;;
That is, languages themselves are shaped by severe selectional pressure from each generation of language users and learners.;-1;3;0;1;33;;;;;;;;;;;;;;;
This suggests that apparently arbitrary aspects of linguistic structure may result from general learning and processing biases deriving from the structure of thought processes, perceptuo-motor factors, cognitive limitations, and pragmatics.;-1;3;0;1;33;;;;;;;;;;;;;;;
It is widely held that children’s linguistic input underdetermines the correct grammar, and that language learning must therefore be guided by innate linguistic constraints.;0;1;2;1;34;;;;;;;;;;;;;;;
Here, we show that a Bayesian model can learn a standard poverty-of-stimulus example, anaphoric one, from realistic input by relying on indirect evidence, without a linguistic constraint assumed to be necessary.;0;3;0;1;34;;;;;;;;;;;;;;;
"Our demonstration does, however, assume other linguistic knowledge; thus, we reduce the problem of learning anaphoric one to that of learning this other knowledge.";-1;3;1;1;34;;;;;;;;;;;;;;;
We discuss whether this other knowledge may itself be acquired without linguistic constraints.;0;2;-1;-1;34;;;;;;;;;;;;;;;
Lidz et al. [Lidz, J., Waxman, S., & Freedman, J. (2003). What infants know about syntax but couldn't have learned: Experimental evidence for syntactic structure at 18 months. Cognition, 89, B65-B73.] claim experimental substantiation of an argument from the poverty of the stimulus, in the sense of Pullum and Scholz [Linguist. Rev. 19 (2002) 9].;0;1;2;1;35;;;;;;;;;;;;;;;
They cite a specific feature of English--the assignment of appropriate antecedents for anaphoric one--that cannot possibly be learned from experience because the evidence needed is found only in utterances of a type too rare to be encountered.;0;1;2;1;35;;;;;;;;;;;;;;;
Their argument involves three empirical claims.;-1;1;-1;-1;35;;;;;;;;;;;;;;;
In this note we dispute all three.;-1;2;0;-1;35;;;;;;;;;;;;;;;
Syntactic knowledge is widely held to be partially innate, rather than learned.;0;1;2;-1;36;;;;;;;;;;;;;;;
In a classic example, it is sometimes argued that children know the proper use of anaphoric one, although that knowledge could not have been learned from experience.;0;1;2;1;36;;;;;;;;;;;;;;;
"Lidz et al. [Lidz, J., Waxman, S., & Freedman, J. (2003). What infants know about syntax but couldn’t have learned: Experimental evidence for syntactic structure at 18 months. Cognition, 89, B65–B73.] pursue this argument, and present corpus and experimental evidence that appears to support it; they conclude that specific aspects of this knowledge must be innate.";0;1;2;1;36;;;;;;;;;;;;;;;
We demonstrate, contra Lidz et al., that this knowledge may in fact be acquired from the input, through a simple Bayesian learning procedure.;0;3;0;1;36;;;;;;;;;;;;;;;
The learning procedure succeeds because it is sensitive to the absence of particular input patterns—an aspect of learning that is apparently overlooked by Lidz et al. ;0;3;0;1;36;;;;;;;;;;;;;;;
More generally, we suggest that a prominent form of the “argument from poverty of the stimulus” suffers from the same oversight, and is as a result logically unsound.;-1;3;0;1;36;;;;;;;;;;;;;;;
This commentary aims to highlight what exactly is controversial about the traditional Universal Grammar (UG) hypothesis and what is not.;1;2;1;-1;37;;;;;;;;;;;;;;;
There is widespread agreement that we are not born “blank slates,” that language universals exist, that grammar exists, and that adults have domain-specific representations of language.;1;1;2;-1;37;;;;;;;;;;;;;;;
The point of contention is whether we should assume that there exist unlearned syntactic universals that are arbitrary and specific to Language.;0;3;1;-1;37;;;;;;;;;;;;;;;
Linguistics is supposed to be the study of linguistic competence.;-1;1;-1;-1;38;;;;;;;;;;;;;;;
The sentences used by linguists to illustrate their arguments are presumably structures that can be generated by the rules that make up the native speaker's competence.;-1;1;-1;-1;38;;;;;;;;;;;;;;;
Therefore, all normal native speakers should in principle be capable of processing them. ;-1;3;-1;-1;38;;;;;;;;;;;;;;;
In this study, adult respondents of various educational backgrounds were presented with a series of test sentences based on examples drawn from recent publications in the GB framework.;-1;2;-1;-1;38;;;;;;;;;;;;;;;
The test was carefully designed to minimise the effects of extrinsic factors such as memory limitations and lapses of attention.;-1;2;-1;-1;38;;;;;;;;;;;;;;;
It was found that performance increased dramatically with educational achievement, with the least educated respondents consistently obtaining very low scores.;-1;3;0;1;38;;;;;;;;;;;;;;;
An analysis of the patterns of answers given by respondents of various educational backgrounds revealed that the least educated speakers were also the most likely to ignore syntactic cues and rely on non-linguistic strategies in interpreting the test sentences.;-1;3;0;1;38;;;;;;;;;;;;;;;
Thus, the results suggest that the ability to deal with the carefully edited, highly syntacticized structures that one encounters in publications dealing with language is acquired in the course of formal education and is far from universal.;0;3;0;1;38;;;;;;;;;;;;;;;
This in turn raises doubts about the traditional 'logical' argument for innateness.;0;3;0;1;38;;;;;;;;;;;;;;;
The “logical” argument for innateness is based on the premise that the principles and parameters of Universal Grammar are unlearnable, either because young children are deemed unable to deduce abstract rules from the language input or because the relevant evidence is not present in the input.;1;1;2;1;39;;;;;;;;;;;;;;;
It is possible to turn the argument around, however. ;-1;3;1;-1;39;;;;;;;;;;;;;;;
In addition to the “core” defined by UG, the grammar of any particular language also contains a “periphery”: a large body of language-specific, often highly idiosyncratic statements which specify the actual forms used to convey grammatical distinctions, the specific contexts in which these forms occur, and many other crucial “details”.;1;1;0;1;39;;;;;;;;;;;;;;;
Since such statements cannot be innately specified and yet form part of the mature speaker’s competence, they must be learnable.;0;3;0;1;39;;;;;;;;;;;;;;;
We might call this the logical argument for learnability.;0;3;0;-1;39;;;;;;;;;;;;;;;
This paper deliberates for a number of linguistic features whether they are part of UG, i.e., specific to human language, or whether they are adapted from other cognitive capacities which were evolutionarily prior to language.;1;2;1;-1;40;;;;;;;;;;;;;;;
Among others, it is argued that the distinction between predication and reference already belongs to the conceptual system, whereas the distinction between verb and noun (which is not identical with the former one) is one of the innovations of UG.;1;3;2;1;40;;;;;;;;;;;;;;;
It is furthermore argued that syntax in the sense that it deals with displacement (‘movement’) is a property of human language that lies outside of UG.;1;3;0;1;40;;;;;;;;;;;;;;;
The paper then discusses whether linguistic typology can contribute to our knowledge of UG, and whether aiming at this is a reasonable goal for typological research.;1;2;1;-1;40;;;;;;;;;;;;;;;
It stands against Newmeyer’s position (this special issue) that typological evidence is essentially irrelevant for the construction of UG, as well as against Haspelmath’s position (this special issue), who argues that typological research can do without a concept of UG.;1;3;2;-1;40;;;;;;;;;;;;;;;
The evidence that native language acquisition is possible only because children are born with an innately-determined language faculty - Universal Grammar - is considerable.;1;1;2;1;41;;;;;;;;;;;;;;;
The evidence that the same innate ability is involved in second language acquisition (SLA) by older learners is superficially less clear.;0;1;-1;-1;41;;;;;;;;;;;;;;;
There are differences both in the context of acquisition and the nature of development.;0;3;-1;-1;41;;;;;;;;;;;;;;;
One recent approach suggests that only ‘poverty of the stimulus’ phenomena - where neither the first language (L1) nor the second language (L2) are possible sources for L2 representations - can provide incontrovertible evidence for Universal Grammar (UG) in SLA.;1;1;2;1;41;;;;;;;;;;;;;;;
I argue that while ‘poverty of the stimulus’ phenomena are important landmarks in theory development in SLA research, they are not the most compelling reason for assuming the involvement of UG.;1;3;2;1;41;;;;;;;;;;;;;;;
More compelling are attempts to explain L2-L1 differences.;-1;3;2;1;41;;;;;;;;;;;;;;;
The latter are likely to lead to real progress, not only in understanding the nature of SLA but also the structure and organization of the language faculty itself.;0;3;-1;-1;41;;;;;;;;;;;;;;;
Evans & Levinson (E&L) claim Kiowa number as a prime example of the semantically unexpected, threatening both Universal Grammar and Linguistic Universals.;1;1;0;1;42;;;;;;;;;;;;;;;
This commentary, besides correcting factual errors, shows that the primitives required for Kiowa also explain two unrelated semantically unexpected patterns and derive two robust Linguistic Universals.;0;3;2;1;42;;;;;;;;;;;;;;;
Consequently, such apparent exceptionality argues strongly for Universal Grammar and against E&L.;1;3;2;1;42;;;;;;;;;;;;;;;
We consider here two potential arguments for Universal Grammar other than that based on poverty of the stimulus.;1;2;1;-1;43;;;;;;;;;;;;;;;
One stems from the limited number of notions that are grammatically encoded in the languages of the world.;-1;1;2;1;43;;;;;;;;;;;;;;;
The other rests on the fact that of all mathematically possible orders of constituents only a subset is actually attested.;-1;1;2;1;43;;;;;;;;;;;;;;;
"Neither limitation appears to follow naturally from cognitive, historical, cultural, processing, or other factors; which makes it plausible to think of them as forced upon us by Universal Grammar, perhaps as a consequence of how it crystallized at some distant point of the evolution of our species.";1;3;2;1;43;;;;;;;;;;;;;;;
This essay challenges the conventional nature/nurture debate in understanding Universal Grammar (UG), proposing that core language universals can arise from semiotic constraints inherent to symbolic reference.;1;3;0;1;44;;;;;;;;;;;;;;;
It argues that these constraints precede language and emphasize functional expression, despite being neither strictly biological nor cultural.;-1;3;0;1;44;;;;;;;;;;;;;;;
Furthermore, it draws parallels with mathematical universals, suggesting that similar non-arbitrary structures can be found in other domains, where symbolic representation is dictated by combinatorial principles and limits.;0;3;0;1;44;;;;;;;;;;;;;;;
Generative linguistic theory stands on the hypothesis that grammar cannot be acquired solely on the basis of an analysis of the input, but depends, in addition, on innate structure within the learner to guide the process of acquisition.;1;1;2;1;45;;;;;;;;;;;;;;;
This hypothesis derives from a logical argument, however, and its consequences have never been examined experimentally with infant learners.;-1;1;0;1;45;;;;;;;;;;;;;;;
Challenges to this hypothesis, claiming that an analysis of the input is indeed sufficient to explain grammatical acquisition, have recently gained attention.;0;1;0;1;45;;;;;;;;;;;;;;;
We demonstrate with novel experimentation the insufficiency of this countervailing view.;-1;3;2;1;45;;;;;;;;;;;;;;;
Focusing on the syntactic structures required to determine the antecedent for the pronoun one, we demonstrate that the input to children does not contain sufficient information to support unaided learning.;0;3;2;1;45;;;;;;;;;;;;;;;
Nonetheless, we show that 18-month-old infants do have command of the syntax of one.;-1;3;2;1;45;;;;;;;;;;;;;;;
Because this syntactic knowledge could not have been gleaned exclusively from the input, infants' mastery of this aspect of syntax constitutes evidence for the contribution of innate structure within the learner in acquiring a grammar.;0;3;2;1;45;;;;;;;;;;;;;;;
Universal Grammar (UG) has long been a foundational hypothesis in generative linguistics, proposing that human language is constrained by an innate, domain-specific cognitive system.;1;1;2;-1;46;;;;;;;;;;;;;;;
Recent advances in artificial intelligence, particularly large neural language models, have reignited debates regarding the necessity and explanatory adequacy of UG.;1;1;0;1;46;;;;;;;;;;;;;;;
These models demonstrate remarkable linguistic performance despite lacking explicit grammatical representations, leading some scholars to argue that statistical learning mechanisms may render Universal Grammar theoretically redundant.;1;1;0;1;46;;;;;;;;;;;;;;;
This study offers a theory-driven empirical investigation into whether artificial intelligence genuinely challenges Universal Grammar or merely simulates linguistic behavior at a surface level.;1;2;1;-1;46;;;;;;;;;;;;;;;
Drawing on Minimalist syntax, experimental findings from the generative tradition, and comparative analyses of UG-constrained and UG-violating structures, this paper argues that neural language models fail to consistently respect core grammatical constraints central to UG.;1;3;2;1;46;;;;;;;;;;;;;;;
The findings suggest that artificial intelligence does not falsify Universal Grammar but instead clarifies the distinction between probabilistic language modeling and human grammatical competence.;1;3;2;1;46;;;;;;;;;;;;;;;
The study contributes to ongoing debates at the intersection of theoretical linguistics, cognitive science, and artificial intelligence.;-1;3;-1;-1;46;;;;;;;;;;;;;;;
Evans & Levinson (E&L) argue against Universal Grammar on the basis of language diversity.;1;1;0;1;47;;;;;;;;;;;;;;;
A related and fundamental issue is whether the language input provides sufficient information for a child to acquire it.;0;1;1;-1;47;;;;;;;;;;;;;;;
I briefly discuss the more integrated approaches to language acquisition which focus on the mechanisms, and research showing that input cues provide valuable information for the language learner.;0;3;0;1;47;;;;;;;;;;;;;;;
In just a few years, children achieve a stable state of linguistic competence, making them effectively adults with respect to: understanding novel sentences, discerning relations of paraphrase and entailment, acceptability judgments, etc.;-1;1;-1;-1;48;;;;;;;;;;;;;;;
One familiar account of the language acquisition process treats it as an induction problem of the sort that arises in any domain where the knowledge achieved is logically underdetermined by experience.;0;1;0;1;48;;;;;;;;;;;;;;;
This view highlights the ‘cues’ that are available in the input to children, as well as childrens skills in extracting relevant information and forming generalizations on the basis of the data they receive.;0;1;0;1;48;;;;;;;;;;;;;;;
Nativists, on the other hand, contend that language-learners project beyond their experience in ways that the input does not even suggest.;0;1;2;-1;48;;;;;;;;;;;;;;;
Instead of viewing language acqusition as a special case of theory induction, nativists posit a Universal Grammar, with innately specified linguistic principles of grammar formation.;1;1;2;-1;48;;;;;;;;;;;;;;;
The ‘nature versus nurture’ debate continues, as various “poverty of stimulus” arguments are challenged or supported by developments in linguistic theory and by findings from psycholinguistic investigations of child language.;-1;1;1;1;48;;;;;;;;;;;;;;;
In light of some recent challenges to nativism, we rehearse old poverty-of stimulus arguments, and supplement them by drawing on more recent work in linguistic theory and studies of child language.;-1;3;2;1;48;;;;;;;;;;;;;;;
A fundamental goal of linguistic theory is to explain how natural languages are acquired.;0;1;-1;-1;49;;;;;;;;;;;;;;;
This paper describes some recent findings on how learners acquire syntactic knowledge for which there is little, if any, decisive evidence from the environment.;0;1;-1;-1;49;;;;;;;;;;;;;;;
The first section presents several general observations about language acquisition that linguistic theory has tried to explain and discusses the thesis that certain linguistic properties are innate because they appear universally and in the absence of corresponding experience.;0;3;2;1;49;;;;;;;;;;;;;;;
A third diagnostic for innateness, early emergence, is the focus of the second section of the paper, in which linguistic theory is tested against recent experimental evidence on children's acquisition of syntax.;0;3;1;1;49;;;;;;;;;;;;;;;
This project involves examining the linguistic properties of Nicaraguan Sign Language (ISN) which developed rapidly after the creation of a deaf community in Nicaragua in the late 1970’s. ;-1;1;-1;-1;50;;;;;;;;;;;;;;;
Throughout the 1980s, as the language was passed from one cohort of signers to the next, the language became increasingly complex.;-1;1;-1;-1;50;;;;;;;;;;;;;;;
ISN is one of the very few languages that linguists have had the chance to study as it was created and evolved.;-1;1;-1;-1;50;;;;;;;;;;;;;;;
Therefore ISN provides a unique opportunity to study the origin of language, language evolution, and universal grammar.;1;2;-1;-1;50;;;;;;;;;;;;;;;
The theory of Universal Grammar claims that there are core principles that are universal to all languages (Chomsky, 1965).;1;1;2;-1;50;;;;;;;;;;;;;;;
Humans are able to use their language faculty, their ability to create grammar, because of the existence of universal grammar.;1;1;2;1;50;;;;;;;;;;;;;;;
Due to the lack of empirical evidence on a primordial language, scholars must make assumptions about the origin of language using languages available today.;-1;1;-1;-1;50;;;;;;;;;;;;;;;
By examining linguistic properties such as syntax, morphology, and phonology of ISN, we can learn what principles are universal to all languages and how language becomes more complex as rules are added on top of these principles.;0;3;2;1;50;;;;;;;;;;;;;;;
The goal of this study is to develop an instrument that can be used to interview a specialist of ISN within Nicaragua.;-1;3;-1;-1;50;;;;;;;;;;;;;;;
Future work would include conducting this interview and drawing additional conclusions from the findings.;-1;3;-1;-1;50;;;;;;;;;;;;;;;
Evidence of children’s sensitivity to statistical features of their input in language acquisition is often used to argue against learning mechanisms driven by innate knowledge.;0;1;0;1;51;;;;;;;;;;;;;;;
At the same time, evidence of children acquiring knowledge that is richer than the input supports arguments in favor of such mechanisms.;0;1;2;1;51;;;;;;;;;;;;;;;
This tension can be resolved by separating the inferential and deductive components of the language learning mechanism.;0;3;1;1;51;;;;;;;;;;;;;;;
Universal Grammar provides representations that support deductions about sentences that fall outside of experience.;1;3;2;1;51;;;;;;;;;;;;;;;
In addition, these representations define the evidence that learners use to infer a particular grammar.;-1;3;2;1;51;;;;;;;;;;;;;;;
The input is compared with the expected evidence to drive statistical inference. ;0;3;1;1;51;;;;;;;;;;;;;;;
In support of this model, we review evidence of (a) children’s sensitivity to the environment, (b) mismatches between input and intake, (c) the need for learning mechanisms beyond innate representations, and (d) the deductive consequences of children’s acquired syntactic representations.;0;3;1;1;51;;;;;;;;;;;;;;;
While studies of gestures generally focus on their cospeech use, gestures can sometimes be produced on their own, with a dedicated time slot.;-1;1;-1;-1;52;;;;;;;;;;;;;;;
Such “pure gestures” have yielded three key findings.;-1;3;-1;-1;52;;;;;;;;;;;;;;;
First, their iconic content can be divided “on the fly” among traditional slots of the inferential typology of language.;-1;3;-1;-1;52;;;;;;;;;;;;;;;
This finding extends to novel gestures, visual animations, and (iconically modulated) sign language classifiers, which suggests that the inferential typology is mostly derived through productive rather than lexical means.;-1;3;-1;-1;52;;;;;;;;;;;;;;;
Second, some pure gestures have a grammar reminiscent of some constructions of sign languages (despite the fact that the latter are not gestural systems).;-1;3;-1;-1;52;;;;;;;;;;;;;;;
While this could suggest that Universal Grammar specifies certain form-to-function mappings, an alternative is that these mappings have deeper cognitive roots.;1;3;1;1;52;;;;;;;;;;;;;;;
Finally, pure gestures have a dedicated iconic syntax, which resembles that of sign language classifiers.;-1;3;-1;-1;52;;;;;;;;;;;;;;;
Overall, these results highlight the importance of gestures for theoretical linguistics and the fruitfulness of multimodal investigations that include gestures and signs.;-1;3;-1;-1;52;;;;;;;;;;;;;;;
Claims made by linguist Daniel Everett, that the Pirah? language, spoken by a small group of native Amazonians, lacks features thought to be universally present in languages, captured the imaginations of scholars and prompted broader questions on the nature of language, the diversity in languages, and the universals shared by them.;-1;1;0;1;53;;;;;;;;;;;;;;;
Everett claimed that, in Pirah?, he had found a language without numbers, colors, mythology, abstract thinking, or recursive embedding.;-1;1;0;1;53;;;;;;;;;;;;;;;
These claims were challenged by proponents of a universal grammar and by other biological linguists concerned with identifying shared faculties that undergird human cognitive capacities and by linguistic anthropologists concerned with the products of those potentials as they are actualized in the interactivity of speaking.;1;1;2;1;53;;;;;;;;;;;;;;;
Situating the Pirah? in historical and sociological context, I question the novelty of a faculty of language and many of Everett's claims of Pirah? exceptionality, and I explore the renewed interest in the nature of language.;0;3;2;1;53;;;;;;;;;;;;;;;
Developments in the study of language and cognition give increasing credibility to the view that human knowledge of natural language results from—and is made possible by—a biologically determined capacity specific both to this domain and to our species.;-1;1;2;1;54;;;;;;;;;;;;;;;
The functional properties of this capacity develop along a regular maturational path, such that it seems more appropriate to speak of knowledge of our own language as growing rather than as being learned.;-1;1;2;1;54;;;;;;;;;;;;;;;
That our learning of language results from a specific innate capacity rather than by general mechanisms of induction is supported by the extent to which we can be shown to know things that we could not have learned from observation of any plausible available teaching.;0;1;2;1;54;;;;;;;;;;;;;;;
The domain-specificity of the language faculty is supported by the many dissociations that can be observed between control of language structure and other cognitive functions.;0;1;2;1;54;;;;;;;;;;;;;;;
Finally, the species-specificity of the human language faculty is supported by the observation that (absent severe pathology) every human child exposed in even limited ways to the triggering experience of linguistic data develops a full, rich capacity that is essentially homogeneous with that of the surrounding community.;-1;1;2;1;54;;;;;;;;;;;;;;;
Efforts to teach human language to other species, however, have uniformly failed.;-1;1;2;1;54;;;;;;;;;;;;;;;
These considerations make it plausible that human language arises in biologically based ways that are quite comparable to those directing other aspects of the structure of the organism.;-1;3;2;1;54;;;;;;;;;;;;;;;
The language organ, in this sense, can be interpreted in a functional sense, and not as implying an anatomical location comparable to that of, say, the kidney.;-1;3;2;-1;54;;;;;;;;;;;;;;;
Recent advances in genetics and neurobiology have greatly increased the degree of variation that one finds in what is taken to provide the biological foundations of our species-specific linguistic capacities.;-1;1;1;1;55;;;;;;;;;;;;;;;
In particular, this variation seems to cast doubt on the purportedly homogeneous nature of the language faculty traditionally captured by the concept of “Universal Grammar.”;1;1;0;1;55;;;;;;;;;;;;;;;
In this article we discuss what this new source of diversity reveals about the biological reality underlying Universal Grammar.;1;2;-1;-1;55;;;;;;;;;;;;;;;
Our discussion leads us to support (1) certain hypotheses advanced in evolutionary developmental biology that argue for the existence of robust biological mechanisms capable of canalizing variation at different levels, and (2) a bottom-up perspective on comparative cognition.;-1;3;0;1;55;;;;;;;;;;;;;;;
We conclude by sketching future directions for what we call “comparative biolinguistics,” specifying which experimental directions may help us succeed in this new research avenue.;-1;2;-1;-1;55;;;;;;;;;;;;;;;
An attempt to construct a generative grammar of French with a coverage comparable to that of traditional grammars has failed.;0;3;0;1;56;;;;;;;;;;;;;;;
"A description has been arrived at in the course of this work, however; it is much more complex than expected, and turns out to be entirely taxonomic.";-1;3;0;1;56;;;;;;;;;;;;;;;
This result calls into question the validity of the so-called theory of generative grammar.;1;3;0;-1;56;;;;;;;;;;;;;;;
This paper provides an overview of what we take to be the key current issues in the field of Generative Grammar, the study of the human Faculty of Language.;1;2;2;-1;57;;;;;;;;;;;;;;;
We discuss some of the insights this approach to language has produced, including substantial achievements in the understanding of basic properties of language and its interactions with interfacing systems.;-1;2;2;1;57;;;;;;;;;;;;;;;
This progress in turn gives rise to new research questions, many of which could not even be coherently formulated until recently.;-1;3;1;1;57;;;;;;;;;;;;;;;
We highlight some of the most pressing outstanding challenges, in the hope of inspiring future research.;-1;3;1;1;57;;;;;;;;;;;;;;;
This paper considers the question of explanation in second language acquisition within the context of two approaches to universals, Universal Grammar and language typology.;1;2;1;-1;58;;;;;;;;;;;;;;;
After briefly discussing the logic of explaining facts by including them under general laws (Hempel & Oppenheim 1948), the paper makes a case for the typological approach to explanation being the more fruitful, in that it allows more readily for the possibility of ‘explanatory ascent’, the ability to propose more general, higher order explanations by having lower-level generalizations follow from more general principles.;-1;3;0;1;58;;;;;;;;;;;;;;;
The UG approach, on the other hand is less capable of such explanatory ascent because of the postulation that the innate, domain-specific principles of UG are not reducible in any interesting way to higher order principles of cognition (Chomsky 1982).;1;3;0;1;58;;;;;;;;;;;;;;;
This paper reviews the previous literature on whether the Verb Island phenomenon challenges the Universal Grammar account and supports the Usage-Based Model, as well as the alternative approach provided by the Construction Grammar of Goldberg.;1;2;1;1;59;;;;;;;;;;;;;;;
This paper argues that Verb Islands reflect learning from experience rather than innate grammatical knowledge.;0;3;0;1;59;;;;;;;;;;;;;;;
Research on young children shows that their early verb use is limited to individual verbs and does not show broad grammatical productivity.;-1;1;0;1;59;;;;;;;;;;;;;;;
Therefore, it fits well with usage-based explanations that link development to input frequency and gradual learning.;0;3;0;1;59;;;;;;;;;;;;;;;
The paper also considers how Construction Grammar accounts for early verb-specific patterns. ;-1;2;0;-1;59;;;;;;;;;;;;;;;
In Construction Grammar, language learning is described as extending from the primary constructions that consist of fixed schemas, which is similar to what the Verb Islands have found in children.;-1;1;0;1;59;;;;;;;;;;;;;;;
Therefore, compared with Universal Grammar, Construction Grammar can be used as a more effective theoretical account for explaining the mechanisms of child language acquisition.;1;3;0;1;59;;;;;;;;;;;;;;;
"This article examines a type of argument for linguistic nativism that takes the following form: (i) a fact about some natural language is exhibited that allegedly could not be learned from experience without access to a certain kind of (positive) data; (ii) it is claimed that data of the type in question are not found in normal linguistic experience; hence (iii) it is concluded that people cannot be learning the language from mere exposure to language use.";0;2;-1;-1;60;;;;;;;;;;;;;;;
We analyze the components of this sort of argument carefully, and examine four exemplars, none of which hold up.;-1;2;0;1;60;;;;;;;;;;;;;;;
We conclude that linguists have some additional work to do if they wish to sustain their claims about having provided support for linguistic nativism, and we offer some reasons for thinking that the relevant kind of future work on this issue is likely to further undermine the linguistic nativist position.;0;3;0;1;60;;;;;;;;;;;;;;;
This article introduces the Universal-Grammar-based (UG) theory of language acquisition.;1;2;2;-1;61;;;;;;;;;;;;;;;
It focuses on parameters, both as a theoretical construct and in relation to first-language acquisition (L1A).;-1;2;2;-1;61;;;;;;;;;;;;;;;
The null subject parameter is used to illustrate how languages vary and explain how a child’s grammar develops into adult grammar over time.;-1;1;-1;-1;61;;;;;;;;;;;;;;;
The article is structured as follows: the first section outlines crucial ideas that are relevant to language acquisition in generative linguistics, such as the notions of competence, performance, critical period, and language faculty.;0;3;2;1;61;;;;;;;;;;;;;;;
Section two introduces and discusses the content of language faculty from the perspectives of the Principles and Parameters Theory and the Minimalist Program for Linguistic Theory.;0;2;2;1;61;;;;;;;;;;;;;;;
This section also briefly describes the contrast among languages in regard to whether or not they allow empty categories in subject position in finite clauses.;-1;2;-1;-1;61;;;;;;;;;;;;;;;
The third section first discusses how children are hypothesised to acquire their native language (L1).;0;2;1;-1;61;;;;;;;;;;;;;;;
Then, in light of findings from the early null subject phenomenon, this section empirically examines the content of grammars that are developed by children at various developmental stages until they acquire the appropriate value for the null subject parameter.;-1;3;2;1;61;;;;;;;;;;;;;;;
The final section highlights the important role of UG theory to L1A.;1;3;2;-1;61;;;;;;;;;;;;;;;
The argument from the poverty of the stimulus as Pullum and Scholz define it (their APS) is undeniably true, given that all language learners acquire the ability to generate more sentences of the target language than they have heard.;0;1;2;1;62;;;;;;;;;;;;;;;
Uniformity across learners with respect to the additional sentences they project suggests that grammar induction is guided by general principles, which must be innate.;0;1;2;1;62;;;;;;;;;;;;;;;
What remains to be established is exactly which sentences can be projected on the basis of which others.;-1;3;2;-1;62;;;;;;;;;;;;;;;
The details of this are important to linguistic theory and to the psycho-computational modelling of natural language acquisition.;0;3;-1;-1;62;;;;;;;;;;;;;;;
They are not of great significance to the generic issue of nativism versus empiricism, except that they may clarify the extent to which the innate knowledge in question is specific to language.;0;3;2;-1;62;;;;;;;;;;;;;;;
The argument for linguistic nativism appears to be solidly supported by the distinctive patterns of generalization that learners adopt in the absence of systematic negative evidence (a limitation that Pullum and Scholz exclude from APS).;0;1;2;1;62;;;;;;;;;;;;;;;
We argue that innate knowledge of how to represent natural language facts is necessary in order for learners to extract from their input the information that it does contain.;0;3;2;1;62;;;;;;;;;;;;;;;
Pullum and Scholz themselves rely on Universal Grammar in just this role when they make specific suggestions as to how learners arrive at the right generalizations.;1;1;2;1;62;;;;;;;;;;;;;;;
This paper aims at reflecting the recent development in Second Language (SL) learning through Chomsky?s principles and parameters in Universal Grammar, as many scholars have their opinions on Chomsky?s theory on universal grammar and have their comments on it.;1;2;2;-1;63;;;;;;;;;;;;;;;
Universal Grammar (UG) proposed by Chomsky (1986) has gained a huge popularity in language and linguistics study.;1;1;2;-1;63;;;;;;;;;;;;;;;
The paper discusses the relevance of Universal Grammar to Second Language Acquisition (SLA) from different aspects: accessibility of UG, L1 and L2 acquisition differences, learning models, poverty of the stimulus argument, and debates on principles and parameters in SLA.;1;3;1;1;63;;;;;;;;;;;;;;;
Then, it addresses the three hypotheses of Universal grammar in Second Language Acquisition (SLA) which focuses on whether adult language learners have access to the principles and parameters of UG in constructing the grammar of a second language.;1;3;-1;-1;63;;;;;;;;;;;;;;;
Moreover, the paper investigates shortcomings of UG in application of SLA, and discuss elaborately on the recent challenges that UG faces in the field of Second language Acquisition (SLA).;1;3;0;1;63;;;;;;;;;;;;;;;
Standard practice in linguistics often obscures the connection between theory and data, leading some to the conclusion that generative linguistics could not serve as the basis for a cognitive neuroscience of language.;0;1;0;-1;64;;;;;;;;;;;;;;;
Here the foundations and methodology of generative grammar are clarified with the goal of explaining how generative theory already functions as a reasonable source of hypotheses about the representation and computation of language in the mind and brain.;0;3;2;1;64;;;;;;;;;;;;;;;
The claims of generative theory, as exemplified, e.g., within Chomsky’s (2000) Minimalist Program, are contrasted with those of theories endorsing parallel architectures with independent systems of generative phonology, syntax and semantics.;0;3;1;-1;64;;;;;;;;;;;;;;;
The single generative engine within Minimalist approaches rejects dual routes to linguistic representations, including possible extra-syntactic strategies for semantic structure-building. ;0;1;2;-1;64;;;;;;;;;;;;;;;
Clarification of the implications of this property of generative theory undermines the foundations of an autonomous psycholinguistics, as established in the 1970’s, and brings linguistic theory back to the center of a unified cognitive neuroscience of language.;0;3;2;-1;64;;;;;;;;;;;;;;;
This study investigates the pervasive influence of Chomsky's Universal Grammar (UG) in the acquisition of second languages across diverse linguistic dimensions.;1;2;2;1;65;;;;;;;;;;;;;;;
Through a systematic literature review, four distinct themes emerged, each shedding light on the intricate interplay between UG and the various aspects of language learning.;1;1;2;1;65;;;;;;;;;;;;;;;
The first theme reveals UG's enduring impact on syntax, as evidenced by consistent patterns of syntactic transfer from native to second languages.;1;1;2;1;65;;;;;;;;;;;;;;;
In the second theme, UG's influence extends to morphological acquisition, guiding the internal structure of words in second languages.;1;1;2;1;65;;;;;;;;;;;;;;;
The third theme explores UG's role in phonological acquisition, uncovering universal principles governing the perceived similarity of sounds.;1;1;2;1;65;;;;;;;;;;;;;;;
The fourth theme delves into higher-level language functions, emphasizing UG's impact on pragmatics and discourse coherence. ;1;1;2;1;65;;;;;;;;;;;;;;;
Collectively, these findings underscore the robust and pervasive nature of UG in shaping second language acquisition, extending its influence beyond traditional linguistic domains.;1;3;2;1;65;;;;;;;;;;;;;;;
The study contributes to a comprehensive understanding of UG's role in guiding learners through the complexities of acquiring syntactic structures, morphological nuances, phonological distinctions, and higher-level language functions in diverse linguistic contexts.;1;3;2;1;65;;;;;;;;;;;;;;;
As language acquisition research advances, the foundational principles of Universal Grammar remain central to unraveling the innate cognitive mechanisms guiding the intricate process of acquiring a second language.;1;3;2;1;65;;;;;;;;;;;;;;;
The wanna facts are a classic Poverty of Stimulus (PoS) problem: wanna is grammatical in certain contexts (Who do you want PRO to play with?) but not others (Who do you want who to play with you?).;-1;1;2;1;66;;;;;;;;;;;;;;;
On a standard analysis, “contraction” to wanna is blocked by some empty constituents (WH-copies) but not others (PRO).;-1;1;-1;-1;66;;;;;;;;;;;;;;;
All empty constituents are inaudible, so it has been unclear how restrictions on them could be learned.;0;1;2;1;66;;;;;;;;;;;;;;;
Children’s reported knowledge of the wanna facts (Crain & Thornton, 1998) has therefore been attributed to a principle of Universal Grammar (UG).;1;1;2;1;66;;;;;;;;;;;;;;;
In two experiments, we demonstrate that children’s use of wanna is not in fact adultlike and that error rates are modulated by the frequency of the embedded verb (play above).;-1;3;0;1;66;;;;;;;;;;;;;;;
These results suggest that if there is a UG principle, children appear not to know that it is relevant, raising important questions about what learning mechanisms enable children to circumvent the input’s apparent poverty.;1;3;1;1;66;;;;;;;;;;;;;;;
Locative inversion in English and Chiche?a shows remarkable similarities which can be explained by hypothesizing the same underlying argument structures and principles for mapping argument structure roles into syntactic functions.;-1;3;2;1;67;;;;;;;;;;;;;;;
"However, the alignment of roles with syntactic categories reflects a profound typological difference between the two languages: Chiche?a categorizes locatives in a gender class system; English, in an abstract case-like system.";-1;3;0;1;67;;;;;;;;;;;;;;;
The resulting syntactic differences defy analyses within a widely-assumed architecture of Universal Grammar and support the alternative adopted by Bresnan & Kanerva 1989.;1;3;0;1;67;;;;;;;;;;;;;;;
Throughout its long history, the project of a science of grammar has always been an inherently philosophical one, in which the study of grammar was taken to have special epistemological significance.;-1;1;-1;-1;68;;;;;;;;;;;;;;;
I ask why 20th and 21st century inquiry into Universal Grammar (UG) has largely lost this dimension, a fact that I argue is partially responsible for the prevailing controversy around UG, relating to its formulation, scope, and biological basis.;1;2;-1;-1;68;;;;;;;;;;;;;;;
This paper argues for a re-conceptualization of this program along ways that answer these criticisms and are more in line with a pre-modern conception of a science of grammar, bringing out its philosophical significance.;-1;3;-1;-1;68;;;;;;;;;;;;;;;
Central to the new conception is the role of grammar in giving human thought a species-specific and uniquely linguistic structural format, consistent with the recent claim that UG primarily constrains the Language of Thought, yet different from it in other ways, such as in stressing the role of grammar in establishing a system of deictic reference, which depends on the externalization of grammar in some physical medium.;1;3;2;1;68;;;;;;;;;;;;;;;
Although UG on the new conception is not the study of linguistic variation but the study of sapiens-specific mode of thought, it cannot be dissolved into the study of thought (or semantics) as such: for the mode of thought in question uniquely takes a grammatical format and grammatical meaning is unavailable either pre-linguistically or lexically.;1;3;2;1;68;;;;;;;;;;;;;;;
This article examines the role of input in two contrasting theories of language acquisition: nativist (UG) theory and the usage-based (emergentist) approach.;1;2;1;-1;69;;;;;;;;;;;;;;;
Although extensive treatments of input are available for first language acquisition (cf. Gathercole & Hoff, 2007), such research rarely incorporates findings from second language acquisition.;-1;1;-1;-1;69;;;;;;;;;;;;;;;
Accordingly, this paper examines a range of linguistic phenomena from both first and second language contexts (e.g., yes-no question formation, constraints on want-to contraction) in order to illustrate how each theory might explain their acquisition.;0;2;-1;-1;69;;;;;;;;;;;;;;;
The discussion of input presented here addresses various constructs, including the problem of the poverty of the stimulus, the lack of negative evidence, the role of indirect (missing) evidence, recovery from overgeneralization, and frequency effects.;0;2;-1;-1;69;;;;;;;;;;;;;;;
The article concludes with a reappraisal of the poverty of the stimulus problem in SLA from a usage-based perspective.;-1;3;1;-1;69;;;;;;;;;;;;;;;
Many generalizations are impossible to learn via primary linguistic data, so they are assumed to be part of our genetic endowment.;0;1;2;1;70;;;;;;;;;;;;;;;
Generativists have tried to reduce Universal Grammar (UG) to a minimum, in particular by appealing to computational efficiency.;1;1;-1;-1;70;;;;;;;;;;;;;;;
In principle, this is an important improvement.;-1;3;-1;-1;70;;;;;;;;;;;;;;;
The bottom line, however, is how well this computational approach explains the data.;-1;1;1;1;70;;;;;;;;;;;;;;;
Unfortunately, it does not.;-1;3;0;1;70;;;;;;;;;;;;;;;
Thus current analyses of subject–AUX inversion still appeal implicitly to several UG constraints in addition to structure dependence.;1;3;2;1;70;;;;;;;;;;;;;;;
Moreover, this fails empirically even in the wildest cases, such as forming questions by reversing the word order of a declarative.;1;3;0;1;70;;;;;;;;;;;;;;;
Fortunately, there is a way out of this impasse.;-1;3;-1;-1;70;;;;;;;;;;;;;;;
Learners realize that different orders of constituents correlate with different meanings.;-1;3;0;1;70;;;;;;;;;;;;;;;
Generating Tense in Comp compositionally derives a polar interrogative interpretation.;-1;3;0;1;70;;;;;;;;;;;;;;;
The logically prior properties of the perceptual and conceptual systems impose constraints that are sufficient to explain language acquisition.;0;3;0;1;70;;;;;;;;;;;;;;;
;;;;;;;;;;;;;;;;;;;;
;;;;;;;;;;;;;;;;;;;;
;;;;;;;;;;;;;;;;;;;;
;;;;;;;;;;;;;;;;;;;;
;;;;;;;;;;;;;;;;;;;;
;;;;;;;;;;;;;;;;;;;;
;;;;;;;;;;;;;;;;;;;;
;;;;;;;;;;;;;;;;;;;;
;;;;;;;;;;;;;;;;;;;;
;;;;;;;;;;;;;;;;;;;;
;;;;;;;;;;;;;;;;;;;;
;;;;;;;;;;;;;;;;;;;;
;;;;;;;;;;;;;;;;;;;;
;;;;;;;;;;;;;;;;;;;;
;;;;;;;;;;;;;;;;;;;;
;;;;;;;;;;;;;;;;;;;;
;;;;;;;;;;;;;;;;;;;;
;;;;;;;;;;;;;;;;;;;;
;;;;;;;;;;;;;;;;;;;;
;;;;;;;;;;;;;;;;;;;;
;;;;;;;;;;;;;;;;;;;;
;;;;;;;;;;;;;;;;;;;;
;;;;;;;;;;;;;;;;;;;;
;;;;;;;;;;;;;;;;;;;;
;;;;;;;;;;;;;;;;;;;;
;;;;;;;;;;;;;;;;;;;;
;;;;;;;;;;;;;;;;;;;;
;;;;;;;;;;;;;;;;;;;;
;;;;;;;;;;;;;;;;;;;;
;;;;;;;;;;;;;;;;;;;;
;;;;;;;;;;;;;;;;;;;;
;;;;;;;;;;;;;;;;;;;;
;;;;;;;;;;;;;;;;;;;;
;;;;;;;;;;;;;;;;;;;;
;;;;;;;;;;;;;;;;;;;;
;;;;;;;;;;;;;;;;;;;;
;;;;;;;;;;;;;;;;;;;;
;;;;;;;;;;;;;;;;;;;;
;;;;;;;;;;;;;;;;;;;;
;;;;;;;;;;;;;;;;;;;;
;;;;;;;;;;;;;;;;;;;;
;;;;;;;;;;;;;;;;;;;;
;;;;;;;;;;;;;;;;;;;;
;;;;;;;;;;;;;;;;;;;;
;;;;;;;;;;;;;;;;;;;;
;;;;;;;;;;;;;;;;;;;;
;;;;;;;;;;;;;;;;;;;;
;;;;;;;;;;;;;;;;;;;;
;;;;;;;;;;;;;;;;;;;;
;;;;;;;;;;;;;;;;;;;;
;;;;;;;;;;;;;;;;;;;;
;;;;;;;;;;;;;;;;;;;;
;;;;;;;;;;;;;;;;;;;;
;;;;;;;;;;;;;;;;;;;;
;;;;;;;;;;;;;;;;;;;;
;;;;;;;;;;;;;;;;;;;;
;;;;;;;;;;;;;;;;;;;;
;;;;;;;;;;;;;;;;;;;;
;;;;;;;;;;;;;;;;;;;;
;;;;;;;;;;;;;;;;;;;;
;;;;;;;;;;;;;;;;;;;;
;;;;;;;;;;;;;;;;;;;;
;;;;;;;;;;;;;;;;;;;;
;;;;;;;;;;;;;;;;;;;;
;;;;;;;;;;;;;;;;;;;;
;;;;;;;;;;;;;;;;;;;;
;;;;;;;;;;;;;;;;;;;;
;;;;;;;;;;;;;;;;;;;;
;;;;;;;;;;;;;;;;;;;;
;;;;;;;;;;;;;;;;;;;;
;;;;;;;;;;;;;;;;;;;;
;;;;;;;;;;;;;;;;;;;;
;;;;;;;;;;;;;;;;;;;;
;;;;;;;;;;;;;;;;;;;;
;;;;;;;;;;;;;;;;;;;;
;;;;;;;;;;;;;;;;;;;;
;;;;;;;;;;;;;;;;;;;;
;;;;;;;;;;;;;;;;;;;;
;;;;;;;;;;;;;;;;;;;;
;;;;;;;;;;;;;;;;;;;;
;;;;;;;;;;;;;;;;;;;;
;;;;;;;;;;;;;;;;;;;;
;;;;;;;;;;;;;;;;;;;;
;;;;;;;;;;;;;;;;;;;;
;;;;;;;;;;;;;;;;;;;;
;;;;;;;;;;;;;;;;;;;;
;;;;;;;;;;;;;;;;;;;;
;;;;;;;;;;;;;;;;;;;;
;;;;;;;;;;;;;;;;;;;;
;;;;;;;;;;;;;;;;;;;;
;;;;;;;;;;;;;;;;;;;;
;;;;;;;;;;;;;;;;;;;;
;;;;;;;;;;;;;;;;;;;;
;;;;;;;;;;;;;;;;;;;;
;;;;;;;;;;;;;;;;;;;;
;;;;;;;;;;;;;;;;;;;;
;;;;;;;;;;;;;;;;;;;;
;;;;;;;;;;;;;;;;;;;;
;;;;;;;;;;;;;;;;;;;;
;;;;;;;;;;;;;;;;;;;;
;;;;;;;;;;;;;;;;;;;;
;;;;;;;;;;;;;;;;;;;;
;;;;;;;;;;;;;;;;;;;;
;;;;;;;;;;;;;;;;;;;;
;;;;;;;;;;;;;;;;;;;;
;;;;;;;;;;;;;;;;;;;;
;;;;;;;;;;;;;;;;;;;;
;;;;;;;;;;;;;;;;;;;;
;;;;;;;;;;;;;;;;;;;;
;;;;;;;;;;;;;;;;;;;;
;;;;;;;;;;;;;;;;;;;;
;;;;;;;;;;;;;;;;;;;;
;;;;;;;;;;;;;;;;;;;;
;;;;;;;;;;;;;;;;;;;;
;;;;;;;;;;;;;;;;;;;;
;;;;;;;;;;;;;;;;;;;;
;;;;;;;;;;;;;;;;;;;;
;;;;;;;;;;;;;;;;;;;;
;;;;;;;;;;;;;;;;;;;;
;;;;;;;;;;;;;;;;;;;;
;;;;;;;;;;;;;;;;;;;;
;;;;;;;;;;;;;;;;;;;;
;;;;;;;;;;;;;;;;;;;;
;;;;;;;;;;;;;;;;;;;;
;;;;;;;;;;;;;;;;;;;;
;;;;;;;;;;;;;;;;;;;;
;;;;;;;;;;;;;;;;;;;;
;;;;;;;;;;;;;;;;;;;;
;;;;;;;;;;;;;;;;;;;;
;;;;;;;;;;;;;;;;;;;;
;;;;;;;;;;;;;;;;;;;;
;;;;;;;;;;;;;;;;;;;;
;;;;;;;;;;;;;;;;;;;;
;;;;;;;;;;;;;;;;;;;;
;;;;;;;;;;;;;;;;;;;;
;;;;;;;;;;;;;;;;;;;;
;;;;;;;;;;;;;;;;;;;;
;;;;;;;;;;;;;;;;;;;;
;;;;;;;;;;;;;;;;;;;;
;;;;;;;;;;;;;;;;;;;;
;;;;;;;;;;;;;;;;;;;;
;;;;;;;;;;;;;;;;;;;;
;;;;;;;;;;;;;;;;;;;;
;;;;;;;;;;;;;;;;;;;;
;;;;;;;;;;;;;;;;;;;;
;;;;;;;;;;;;;;;;;;;;
;;;;;;;;;;;;;;;;;;;;
;;;;;;;;;;;;;;;;;;;;
;;;;;;;;;;;;;;;;;;;;
;;;;;;;;;;;;;;;;;;;;
;;;;;;;;;;;;;;;;;;;;
;;;;;;;;;;;;;;;;;;;;
;;;;;;;;;;;;;;;;;;;;
;;;;;;;;;;;;;;;;;;;;
;;;;;;;;;;;;;;;;;;;;
;;;;;;;;;;;;;;;;;;;;
;;;;;;;;;;;;;;;;;;;;
;;;;;;;;;;;;;;;;;;;;
;;;;;;;;;;;;;;;;;;;;
;;;;;;;;;;;;;;;;;;;;
;;;;;;;;;;;;;;;;;;;;
;;;;;;;;;;;;;;;;;;;;
;;;;;;;;;;;;;;;;;;;;
;;;;;;;;;;;;;;;;;;;;
;;;;;;;;;;;;;;;;;;;;
;;;;;;;;;;;;;;;;;;;;
;;;;;;;;;;;;;;;;;;;;
;;;;;;;;;;;;;;;;;;;;
;;;;;;;;;;;;;;;;;;;;
;;;;;;;;;;;;;;;;;;;;
;;;;;;;;;;;;;;;;;;;;
;;;;;;;;;;;;;;;;;;;;
;;;;;;;;;;;;;;;;;;;;
;;;;;;;;;;;;;;;;;;;;
;;;;;;;;;;;;;;;;;;;;
;;;;;;;;;;;;;;;;;;;;
;;;;;;;;;;;;;;;;;;;;
;;;;;;;;;;;;;;;;;;;;
;;;;;;;;;;;;;;;;;;;;
;;;;;;;;;;;;;;;;;;;;
;;;;;;;;;;;;;;;;;;;;
;;;;;;;;;;;;;;;;;;;;
;;;;;;;;;;;;;;;;;;;;
;;;;;;;;;;;;;;;;;;;;
;;;;;;;;;;;;;;;;;;;;
;;;;;;;;;;;;;;;;;;;;
;;;;;;;;;;;;;;;;;;;;
;;;;;;;;;;;;;;;;;;;;
;;;;;;;;;;;;;;;;;;;;
;;;;;;;;;;;;;;;;;;;;
;;;;;;;;;;;;;;;;;;;;
;;;;;;;;;;;;;;;;;;;;
;;;;;;;;;;;;;;;;;;;;
;;;;;;;;;;;;;;;;;;;;
;;;;;;;;;;;;;;;;;;;;
;;;;;;;;;;;;;;;;;;;;
;;;;;;;;;;;;;;;;;;;;
;;;;;;;;;;;;;;;;;;;;
;;;;;;;;;;;;;;;;;;;;
;;;;;;;;;;;;;;;;;;;;
;;;;;;;;;;;;;;;;;;;;
;;;;;;;;;;;;;;;;;;;;
;;;;;;;;;;;;;;;;;;;;
;;;;;;;;;;;;;;;;;;;;
;;;;;;;;;;;;;;;;;;;;
;;;;;;;;;;;;;;;;;;;;
;;;;;;;;;;;;;;;;;;;;
;;;;;;;;;;;;;;;;;;;;
;;;;;;;;;;;;;;;;;;;;
;;;;;;;;;;;;;;;;;;;;
;;;;;;;;;;;;;;;;;;;;
;;;;;;;;;;;;;;;;;;;;
;;;;;;;;;;;;;;;;;;;;
;;;;;;;;;;;;;;;;;;;;
;;;;;;;;;;;;;;;;;;;;
;;;;;;;;;;;;;;;;;;;;
;;;;;;;;;;;;;;;;;;;;
;;;;;;;;;;;;;;;;;;;;
;;;;;;;;;;;;;;;;;;;;
;;;;;;;;;;;;;;;;;;;;
;;;;;;;;;;;;;;;;;;;;
;;;;;;;;;;;;;;;;;;;;
;;;;;;;;;;;;;;;;;;;;
;;;;;;;;;;;;;;;;;;;;
;;;;;;;;;;;;;;;;;;;;
;;;;;;;;;;;;;;;;;;;;
;;;;;;;;;;;;;;;;;;;;
;;;;;;;;;;;;;;;;;;;;
;;;;;;;;;;;;;;;;;;;;
;;;;;;;;;;;;;;;;;;;;
;;;;;;;;;;;;;;;;;;;;
;;;;;;;;;;;;;;;;;;;;
;;;;;;;;;;;;;;;;;;;;
;;;;;;;;;;;;;;;;;;;;
;;;;;;;;;;;;;;;;;;;;
;;;;;;;;;;;;;;;;;;;;
;;;;;;;;;;;;;;;;;;;;
;;;;;;;;;;;;;;;;;;;;
;;;;;;;;;;;;;;;;;;;;
;;;;;;;;;;;;;;;;;;;;
;;;;;;;;;;;;;;;;;;;;
;;;;;;;;;;;;;;;;;;;;
;;;;;;;;;;;;;;;;;;;;
;;;;;;;;;;;;;;;;;;;;
;;;;;;;;;;;;;;;;;;;;
;;;;;;;;;;;;;;;;;;;;
;;;;;;;;;;;;;;;;;;;;
;;;;;;;;;;;;;;;;;;;;
;;;;;;;;;;;;;;;;;;;;
;;;;;;;;;;;;;;;;;;;;
;;;;;;;;;;;;;;;;;;;;
;;;;;;;;;;;;;;;;;;;;
;;;;;;;;;;;;;;;;;;;;
;;;;;;;;;;;;;;;;;;;;
;;;;;;;;;;;;;;;;;;;;
;;;;;;;;;;;;;;;;;;;;
;;;;;;;;;;;;;;;;;;;;
;;;;;;;;;;;;;;;;;;;;
;;;;;;;;;;;;;;;;;;;;
;;;;;;;;;;;;;;;;;;;;
;;;;;;;;;;;;;;;;;;;;
;;;;;;;;;;;;;;;;;;;;
;;;;;;;;;;;;;;;;;;;;
;;;;;;;;;;;;;;;;;;;;
;;;;;;;;;;;;;;;;;;;;
;;;;;;;;;;;;;;;;;;;;
;;;;;;;;;;;;;;;;;;;;
;;;;;;;;;;;;;;;;;;;;
;;;;;;;;;;;;;;;;;;;;
;;;;;;;;;;;;;;;;;;;;
;;;;;;;;;;;;;;;;;;;;
;;;;;;;;;;;;;;;;;;;;
;;;;;;;;;;;;;;;;;;;;
;;;;;;;;;;;;;;;;;;;;
;;;;;;;;;;;;;;;;;;;;
;;;;;;;;;;;;;;;;;;;;
;;;;;;;;;;;;;;;;;;;;
;;;;;;;;;;;;;;;;;;;;
;;;;;;;;;;;;;;;;;;;;
;;;;;;;;;;;;;;;;;;;;
;;;;;;;;;;;;;;;;;;;;
;;;;;;;;;;;;;;;;;;;;
;;;;;;;;;;;;;;;;;;;;
;;;;;;;;;;;;;;;;;;;;
;;;;;;;;;;;;;;;;;;;;
;;;;;;;;;;;;;;;;;;;;
;;;;;;;;;;;;;;;;;;;;
;;;;;;;;;;;;;;;;;;;;
;;;;;;;;;;;;;;;;;;;;
;;;;;;;;;;;;;;;;;;;;
;;;;;;;;;;;;;;;;;;;;
;;;;;;;;;;;;;;;;;;;;
;;;;;;;;;;;;;;;;;;;;
;;;;;;;;;;;;;;;;;;;;
;;;;;;;;;;;;;;;;;;;;
;;;;;;;;;;;;;;;;;;;;
;;;;;;;;;;;;;;;;;;;;
;;;;;;;;;;;;;;;;;;;;
;;;;;;;;;;;;;;;;;;;;
;;;;;;;;;;;;;;;;;;;;
;;;;;;;;;;;;;;;;;;;;
;;;;;;;;;;;;;;;;;;;;
;;;;;;;;;;;;;;;;;;;;
;;;;;;;;;;;;;;;;;;;;
;;;;;;;;;;;;;;;;;;;;
;;;;;;;;;;;;;;;;;;;;
;;;;;;;;;;;;;;;;;;;;
;;;;;;;;;;;;;;;;;;;;
;;;;;;;;;;;;;;;;;;;;
;;;;;;;;;;;;;;;;;;;;
;;;;;;;;;;;;;;;;;;;;
;;;;;;;;;;;;;;;;;;;;
;;;;;;;;;;;;;;;;;;;;
;;;;;;;;;;;;;;;;;;;;
;;;;;;;;;;;;;;;;;;;;
;;;;;;;;;;;;;;;;;;;;
;;;;;;;;;;;;;;;;;;;;
;;;;;;;;;;;;;;;;;;;;
;;;;;;;;;;;;;;;;;;;;
;;;;;;;;;;;;;;;;;;;;
;;;;;;;;;;;;;;;;;;;;
;;;;;;;;;;;;;;;;;;;;
;;;;;;;;;;;;;;;;;;;;
;;;;;;;;;;;;;;;;;;;;
;;;;;;;;;;;;;;;;;;;;
;;;;;;;;;;;;;;;;;;;;
;;;;;;;;;;;;;;;;;;;;
;;;;;;;;;;;;;;;;;;;;
;;;;;;;;;;;;;;;;;;;;
;;;;;;;;;;;;;;;;;;;;
;;;;;;;;;;;;;;;;;;;;
;;;;;;;;;;;;;;;;;;;;
;;;;;;;;;;;;;;;;;;;;
;;;;;;;;;;;;;;;;;;;;
;;;;;;;;;;;;;;;;;;;;
;;;;;;;;;;;;;;;;;;;;
;;;;;;;;;;;;;;;;;;;;
;;;;;;;;;;;;;;;;;;;;
;;;;;;;;;;;;;;;;;;;;
;;;;;;;;;;;;;;;;;;;;
;;;;;;;;;;;;;;;;;;;;
;;;;;;;;;;;;;;;;;;;;
;;;;;;;;;;;;;;;;;;;;
;;;;;;;;;;;;;;;;;;;;
;;;;;;;;;;;;;;;;;;;;
;;;;;;;;;;;;;;;;;;;;
;;;;;;;;;;;;;;;;;;;;
;;;;;;;;;;;;;;;;;;;;
;;;;;;;;;;;;;;;;;;;;
;;;;;;;;;;;;;;;;;;;;
;;;;;;;;;;;;;;;;;;;;
;;;;;;;;;;;;;;;;;;;;
;;;;;;;;;;;;;;;;;;;;
;;;;;;;;;;;;;;;;;;;;
;;;;;;;;;;;;;;;;;;;;
;;;;;;;;;;;;;;;;;;;;
;;;;;;;;;;;;;;;;;;;;
;;;;;;;;;;;;;;;;;;;;
;;;;;;;;;;;;;;;;;;;;
;;;;;;;;;;;;;;;;;;;;
;;;;;;;;;;;;;;;;;;;;
;;;;;;;;;;;;;;;;;;;;
;;;;;;;;;;;;;;;;;;;;
;;;;;;;;;;;;;;;;;;;;
;;;;;;;;;;;;;;;;;;;;
;;;;;;;;;;;;;;;;;;;;
;;;;;;;;;;;;;;;;;;;;
;;;;;;;;;;;;;;;;;;;;
;;;;;;;;;;;;;;;;;;;;
;;;;;;;;;;;;;;;;;;;;
;;;;;;;;;;;;;;;;;;;;
;;;;;;;;;;;;;;;;;;;;
;;;;;;;;;;;;;;;;;;;;
;;;;;;;;;;;;;;;;;;;;
;;;;;;;;;;;;;;;;;;;;
;;;;;;;;;;;;;;;;;;;;
;;;;;;;;;;;;;;;;;;;;
;;;;;;;;;;;;;;;;;;;;
;;;;;;;;;;;;;;;;;;;;
;;;;;;;;;;;;;;;;;;;;
;;;;;;;;;;;;;;;;;;;;
;;;;;;;;;;;;;;;;;;;;
;;;;;;;;;;;;;;;;;;;;
;;;;;;;;;;;;;;;;;;;;
;;;;;;;;;;;;;;;;;;;;
;;;;;;;;;;;;;;;;;;;;
;;;;;;;;;;;;;;;;;;;;
;;;;;;;;;;;;;;;;;;;;
;;;;;;;;;;;;;;;;;;;;
;;;;;;;;;;;;;;;;;;;;
;;;;;;;;;;;;;;;;;;;;
;;;;;;;;;;;;;;;;;;;;
;;;;;;;;;;;;;;;;;;;;
;;;;;;;;;;;;;;;;;;;;
;;;;;;;;;;;;;;;;;;;;
;;;;;;;;;;;;;;;;;;;;
;;;;;;;;;;;;;;;;;;;;
;;;;;;;;;;;;;;;;;;;;
;;;;;;;;;;;;;;;;;;;;
;;;;;;;;;;;;;;;;;;;;
;;;;;;;;;;;;;;;;;;;;
;;;;;;;;;;;;;;;;;;;;
;;;;;;;;;;;;;;;;;;;;
;;;;;;;;;;;;;;;;;;;;
;;;;;;;;;;;;;;;;;;;;
;;;;;;;;;;;;;;;;;;;;
;;;;;;;;;;;;;;;;;;;;
;;;;;;;;;;;;;;;;;;;;
;;;;;;;;;;;;;;;;;;;;
;;;;;;;;;;;;;;;;;;;;
;;;;;;;;;;;;;;;;;;;;
;;;;;;;;;;;;;;;;;;;;
;;;;;;;;;;;;;;;;;;;;
;;;;;;;;;;;;;;;;;;;;
;;;;;;;;;;;;;;;;;;;;
;;;;;;;;;;;;;;;;;;;;
;;;;;;;;;;;;;;;;;;;;
;;;;;;;;;;;;;;;;;;;;
;;;;;;;;;;;;;;;;;;;;
;;;;;;;;;;;;;;;;;;;;
;;;;;;;;;;;;;;;;;;;;
;;;;;;;;;;;;;;;;;;;;
;;;;;;;;;;;;;;;;;;;;
;;;;;;;;;;;;;;;;;;;;
;;;;;;;;;;;;;;;;;;;;
;;;;;;;;;;;;;;;;;;;;
;;;;;;;;;;;;;;;;;;;;
;;;;;;;;;;;;;;;;;;;;
;;;;;;;;;;;;;;;;;;;;
;;;;;;;;;;;;;;;;;;;;
;;;;;;;;;;;;;;;;;;;;
;;;;;;;;;;;;;;;;;;;;
;;;;;;;;;;;;;;;;;;;;
;;;;;;;;;;;;;;;;;;;;
;;;;;;;;;;;;;;;;;;;;
;;;;;;;;;;;;;;;;;;;;
;;;;;;;;;;;;;;;;;;;;
;;;;;;;;;;;;;;;;;;;;
;;;;;;;;;;;;;;;;;;;;
;;;;;;;;;;;;;;;;;;;;
;;;;;;;;;;;;;;;;;;;;
;;;;;;;;;;;;;;;;;;;;
;;;;;;;;;;;;;;;;;;;;
;;;;;;;;;;;;;;;;;;;;
;;;;;;;;;;;;;;;;;;;;
;;;;;;;;;;;;;;;;;;;;
;;;;;;;;;;;;;;;;;;;;
;;;;;;;;;;;;;;;;;;;;
;;;;;;;;;;;;;;;;;;;;
;;;;;;;;;;;;;;;;;;;;
;;;;;;;;;;;;;;;;;;;;
;;;;;;;;;;;;;;;;;;;;
;;;;;;;;;;;;;;;;;;;;
;;;;;;;;;;;;;;;;;;;;
;;;;;;;;;;;;;;;;;;;;
;;;;;;;;;;;;;;;;;;;;
;;;;;;;;;;;;;;;;;;;;
;;;;;;;;;;;;;;;;;;;;
;;;;;;;;;;;;;;;;;;;;
;;;;;;;;;;;;;;;;;;;;
;;;;;;;;;;;;;;;;;;;;
;;;;;;;;;;;;;;;;;;;;
;;;;;;;;;;;;;;;;;;;;
;;;;;;;;;;;;;;;;;;;;
;;;;;;;;;;;;;;;;;;;;
;;;;;;;;;;;;;;;;;;;;
;;;;;;;;;;;;;;;;;;;;
;;;;;;;;;;;;;;;;;;;;
;;;;;;;;;;;;;;;;;;;;
;;;;;;;;;;;;;;;;;;;;
;;;;;;;;;;;;;;;;;;;;
;;;;;;;;;;;;;;;;;;;;
;;;;;;;;;;;;;;;;;;;;
;;;;;;;;;;;;;;;;;;;;
;;;;;;;;;;;;;;;;;;;;
;;;;;;;;;;;;;;;;;;;;
;;;;;;;;;;;;;;;;;;;;
;;;;;;;;;;;;;;;;;;;;
;;;;;;;;;;;;;;;;;;;;
;;;;;;;;;;;;;;;;;;;;
;;;;;;;;;;;;;;;;;;;;
;;;;;;;;;;;;;;;;;;;;
;;;;;;;;;;;;;;;;;;;;
;;;;;;;;;;;;;;;;;;;;
;;;;;;;;;;;;;;;;;;;;
;;;;;;;;;;;;;;;;;;;;
;;;;;;;;;;;;;;;;;;;;
;;;;;;;;;;;;;;;;;;;;
;;;;;;;;;;;;;;;;;;;;
;;;;;;;;;;;;;;;;;;;;
;;;;;;;;;;;;;;;;;;;;
;;;;;;;;;;;;;;;;;;;;
;;;;;;;;;;;;;;;;;;;;
;;;;;;;;;;;;;;;;;;;;
;;;;;;;;;;;;;;;;;;;;
;;;;;;;;;;;;;;;;;;;;
;;;;;;;;;;;;;;;;;;;;
;;;;;;;;;;;;;;;;;;;;
;;;;;;;;;;;;;;;;;;;;
;;;;;;;;;;;;;;;;;;;;
;;;;;;;;;;;;;;;;;;;;
;;;;;;;;;;;;;;;;;;;;
;;;;;;;;;;;;;;;;;;;;
;;;;;;;;;;;;;;;;;;;;
;;;;;;;;;;;;;;;;;;;;
;;;;;;;;;;;;;;;;;;;;
;;;;;;;;;;;;;;;;;;;;
;;;;;;;;;;;;;;;;;;;;
;;;;;;;;;;;;;;;;;;;;
;;;;;;;;;;;;;;;;;;;;
;;;;;;;;;;;;;;;;;;;;
;;;;;;;;;;;;;;;;;;;;
;;;;;;;;;;;;;;;;;;;;
;;;;;;;;;;;;;;;;;;;;
;;;;;;;;;;;;;;;;;;;;
;;;;;;;;;;;;;;;;;;;;
;;;;;;;;;;;;;;;;;;;;
;;;;;;;;;;;;;;;;;;;;
;;;;;;;;;;;;;;;;;;;;
;;;;;;;;;;;;;;;;;;;;
;;;;;;;;;;;;;;;;;;;;
;;;;;;;;;;;;;;;;;;;;
;;;;;;;;;;;;;;;;;;;;
;;;;;;;;;;;;;;;;;;;;
;;;;;;;;;;;;;;;;;;;;
;;;;;;;;;;;;;;;;;;;;
;;;;;;;;;;;;;;;;;;;;
;;;;;;;;;;;;;;;;;;;;
;;;;;;;;;;;;;;;;;;;;
;;;;;;;;;;;;;;;;;;;;
;;;;;;;;;;;;;;;;;;;;
;;;;;;;;;;;;;;;;;;;;
;;;;;;;;;;;;;;;;;;;;
;;;;;;;;;;;;;;;;;;;;
;;;;;;;;;;;;;;;;;;;;
;;;;;;;;;;;;;;;;;;;;
;;;;;;;;;;;;;;;;;;;;
;;;;;;;;;;;;;;;;;;;;
;;;;;;;;;;;;;;;;;;;;
;;;;;;;;;;;;;;;;;;;;
;;;;;;;;;;;;;;;;;;;;
;;;;;;;;;;;;;;;;;;;;
;;;;;;;;;;;;;;;;;;;;
;;;;;;;;;;;;;;;;;;;;
;;;;;;;;;;;;;;;;;;;;
;;;;;;;;;;;;;;;;;;;;
;;;;;;;;;;;;;;;;;;;;
;;;;;;;;;;;;;;;;;;;;
;;;;;;;;;;;;;;;;;;;;
;;;;;;;;;;;;;;;;;;;;
;;;;;;;;;;;;;;;;;;;;
;;;;;;;;;;;;;;;;;;;;
;;;;;;;;;;;;;;;;;;;;
;;;;;;;;;;;;;;;;;;;;
;;;;;;;;;;;;;;;;;;;;
;;;;;;;;;;;;;;;;;;;;
;;;;;;;;;;;;;;;;;;;;
;;;;;;;;;;;;;;;;;;;;
;;;;;;;;;;;;;;;;;;;;
;;;;;;;;;;;;;;;;;;;;
;;;;;;;;;;;;;;;;;;;;
;;;;;;;;;;;;;;;;;;;;
;;;;;;;;;;;;;;;;;;;;
;;;;;;;;;;;;;;;;;;;;
;;;;;;;;;;;;;;;;;;;;
;;;;;;;;;;;;;;;;;;;;
;;;;;;;;;;;;;;;;;;;;
;;;;;;;;;;;;;;;;;;;;
